标题,价格,店铺,链接
"['\t\n李宁（LI-NING）', 'CBA联赛官方比赛室内外儿童成人7号PU材质蓝球 LBQK443-1']",['80.00'],['李宁（LINING）球类京东自营专卖店'],https://item.jd.com/4066824.html
"['\t\n斯伯丁（SPALDING）', 'TF系列7号PU比赛室内外兼用耐磨 77-176Y']",['139.00'],['SPALDING斯伯丁京东自营专区'],https://item.jd.com/4295237.html
"['李宁（LI-NING）', '印花耐磨 反伍花彩时尚蓝球 儿童成人7号PU材质', ' LBQK282-1']",['116.00'],['李宁（LINING）球类京东自营专卖店'],https://item.jd.com/100024164538.html
"['\t\n李宁（LI-NING）CBA比赛', '室内外成人儿童7号橡胶材质蓝球 LBQK607-4']",['69.00'],['李宁（LINING）球类京东自营专卖店'],https://item.jd.com/100002821716.html
"['\t\n李宁（LI-NING）', '成人比赛儿童训练室内外水泥地橡胶耐磨防滑大学生青少年中小学生男女蓝球5号']",['77.00'],['李宁体育用品京东自营专区'],https://item.jd.com/100012485755.html
"['\t\n李宁（LI-NING）', '成人大学生室内外水泥地橡胶耐磨防滑中小学生男女青少年比赛儿童训练蓝球7号']",['73.00'],['李宁体育用品京东自营专区'],https://item.jd.com/100023864260.html
"['SANGESGRG 真皮牛皮', ' 牛皮耐磨防滑蓝球 室内室外通用品正7号比赛水泥地成人学生 棕黄色']",['165.00'],['斯帕克体育用品专营店'],https://item.jd.com/1540837188.html
"['李宁LI-NING', '街头水泥地比赛训练成人青少年儿童小学生幼儿园蓝球 黑金常规7号']",['63.00'],['李宁旺昂专卖店'],https://item.jd.com/41466683095.html
"['\t\n斯伯丁spalding', '7号比赛PU室内外耐磨成人儿童', ' 77-198Y']",['139.00'],['斯伯丁京东自营旗舰店'],https://item.jd.com/1060746.html
"['\t\n李宁（LI-NING）比赛', '吸湿防滑7号PU材质蓝球 LBQK218-2']",['116.00'],['李宁（LINING）球类京东自营专卖店'],https://item.jd.com/100013583110.html
"['\t\n李宁（LI-NING）', 'CBA联赛比赛', '室内外青少年儿童5号PU材质蓝球 LBQK445-1']",['80.00'],['李宁（LINING）球类京东自营专卖店'],https://item.jd.com/3636189.html
"['\t\n李宁', '7号室内室外翻毛软皮水泥地七号成人青少年中学生蓝球耐磨训练男球体育用品 185【七号翻毛皮】']",['109.00'],['兆本运动户外专营店'],https://item.jd.com/30509700397.html
"['名耐街头粉色涂鸦', '中考限量版成人学生青少年室外耐磨吸湿个性比赛训练用球女生专用 7号球个性涂鸦-粉白款']",['108.00'],['名耐体育用品旗舰店'],https://item.jd.com/56436665637.html
"['\t\n红双喜DHS ', '经典比赛不易磨损室内外7号蓝球FB7-1']",['52.00'],['红双喜京东自营专卖店'],https://item.jd.com/2541845.html
"['\t\n斯伯丁Spalding', '黑金TF传奇7号成人儿童', '比赛PU皮耐磨室内外77-167Y']",['149.00'],['斯伯丁京东自营专区'],https://item.jd.com/100023908168.html
['\t\n威尔胜（Wilson）NCAA比赛用球 Final Four 成人PU7号室内室外手感耐磨WTB1233IB07CN'],['139.00'],['威尔胜京东自营旗舰店'],https://item.jd.com/100007262851.html
"['李宁', '室外耐磨吸湿PU皮成人青少年男女室内蓝球比赛街头软手感 7号 迪芙尼绿(吸湿PU)']",['107.00'],['倍安贝户外专营店'],https://item.jd.com/69587221086.html
"['\t\n李宁（LI-NING）', '成人大学生室内外水泥地橡胶耐磨防滑中小学生男女青少年比赛儿童训练蓝球7号']",['82.00'],['李宁体育用品京东自营专区'],https://item.jd.com/100012485769.html
"['军哥', '礼物儿童成人训练比赛专用', '7号球学生青少年初中生女生子中考高颜值蒂芙泥礼盒尼名耐蓝球 名耐名星款', '708-1【7号球】【送', '】']",['98.00'],['名耐体育用品旗舰店'],https://item.jd.com/10027283176558.html
"['\t\n斯伯丁Spalding 赛事', '吸湿皮料TF-1000(74-716A)传奇比赛蓝球']",['489.00'],['斯伯丁京东自营专卖店'],https://item.jd.com/1205289.html
"['\t\n李宁（LI-NING）', 'CBA联赛比赛', '室内外7号PU蓝球 LBQK043-1']",['116.00'],['李宁（LINING）球类京东自营专卖店'],https://item.jd.com/1420904.html
"['\t\n得力(deli)中小学训练', ' 成人儿童室内外7号球 F1105A']",['49.00'],['安格耐特京东自营旗舰店'],https://item.jd.com/4321803.html
"['\t\n李宁 LI-NING 彩虹', '中小学训练室外5号彩色橡胶儿童蓝球 LBQK655-1']",['73.00'],['李宁（LI-NING）球类京东自营专区'],https://item.jd.com/100007446369.html
"['\t\n威尔胜(Wilson)NBA训练比赛用球室内室外竞赛耐磨PU 7号', ' WTB8200IB07CN']",['149.00'],['威尔胜（Wilson）京东自营专卖店'],https://item.jd.com/100012287317.html
"['李宁 LI-NING 彩虹', '成人儿童比赛训练7号彩色橡胶室内外蓝球 LBQK657-1']",['79.00'],['李宁（LI-NING）球类京东自营专区'],https://item.jd.com/100017479010.html
"['\t\n耐克NIKE', ' JORDAN ', '7号 PU 防滑耐磨AJ花式蓝球 室内室外训练比赛 JKI0285807']",['259.00'],['耐克体育装备京东自营专区'],https://item.jd.com/100008044146.html
"['李宁', '室外耐磨PU材质成人青少年小学生儿童少儿水泥地蓝球比赛软皮球 7号 282PU', '冷灰']",['116.00'],['李宁旺昂专卖店'],https://item.jd.com/10039933050570.html
"['\t\n安德玛（Under Armour）橡胶', 'UA7号', '耐磨2021新款库里室内外儿童']",['75.00'],['安德玛（UNDERARMOUR）体育用品京东自营专区'],https://item.jd.com/100024812342.html
"['李宁', '室外标准蓝球中学小学生幼儿园发泡橡胶水泥地街头男女生彩虹色 7号 蓝黄粉/通用标准']",['73.00'],['倍安贝户外专营店'],https://item.jd.com/67994547515.html
"['\t\n威尔胜(Wilson)NBA比赛用复刻版', '7号室内外防滑耐磨PU WTB7200IB07CN']",['200.00'],['威尔胜（Wilson）京东自营专卖店'],https://item.jd.com/100023564188.html
"['\t\n李宁（LI-NING）', 'CBA联赛官方比赛室内外儿童成人7号PU材质蓝球 LBQK443-1']",['80.00'],['李宁（LINING）球类京东自营专卖店'],https://item.jd.com/4066824.html
"['\t\n斯伯丁（SPALDING）', 'TF系列7号PU比赛室内外兼用耐磨 77-176Y']",['139.00'],['SPALDING斯伯丁京东自营专区'],https://item.jd.com/4295237.html
"['李宁（LI-NING）', '印花耐磨 反伍花彩时尚蓝球 儿童成人7号PU材质', ' LBQK282-1']",['116.00'],['李宁（LINING）球类京东自营专卖店'],https://item.jd.com/100024164538.html
"['\t\n李宁（LI-NING）CBA比赛', '室内外成人儿童7号橡胶材质蓝球 LBQK607-4']",['69.00'],['李宁（LINING）球类京东自营专卖店'],https://item.jd.com/100002821716.html
"['\t\n李宁（LI-NING）', '成人比赛儿童训练室内外水泥地橡胶耐磨防滑大学生青少年中小学生男女蓝球5号']",['77.00'],['李宁体育用品京东自营专区'],https://item.jd.com/100012485755.html
"['\t\n李宁（LI-NING）', '成人大学生室内外水泥地橡胶耐磨防滑中小学生男女青少年比赛儿童训练蓝球7号']",['73.00'],['李宁体育用品京东自营专区'],https://item.jd.com/100023864260.html
"['名耐街头粉色涂鸦', '中考限量版成人学生青少年室外耐磨吸湿个性比赛训练用球女生专用 7号球个性涂鸦-粉白款']",['108.00'],['名耐体育用品旗舰店'],https://item.jd.com/56436665637.html
"['李宁LI-NING', '街头水泥地比赛训练成人青少年儿童小学生幼儿园蓝球 黑金常规7号']",['63.00'],['李宁旺昂专卖店'],https://item.jd.com/41466683095.html
"['\t\n斯伯丁spalding', '7号比赛PU室内外耐磨成人儿童', ' 77-198Y']",['139.00'],['斯伯丁京东自营旗舰店'],https://item.jd.com/1060746.html
"['\t\n李宁（LI-NING）比赛', '吸湿防滑7号PU材质蓝球 LBQK218-2']",['116.00'],['李宁（LINING）球类京东自营专卖店'],https://item.jd.com/100013583110.html
"['\t\n李宁（LI-NING）', 'CBA联赛比赛', '室内外青少年儿童5号PU材质蓝球 LBQK445-1']",['80.00'],['李宁（LINING）球类京东自营专卖店'],https://item.jd.com/3636189.html
"['\t\n李宁', '7号室内室外翻毛软皮水泥地七号成人青少年中学生蓝球耐磨训练男球体育用品 185【七号翻毛皮】']",['109.00'],['兆本运动户外专营店'],https://item.jd.com/30509700397.html
"['\t\n红双喜DHS ', '经典比赛不易磨损室内外7号蓝球FB7-1']",['52.00'],['红双喜京东自营专卖店'],https://item.jd.com/2541845.html
"['\t\n斯伯丁Spalding', '黑金TF传奇7号成人儿童', '比赛PU皮耐磨室内外77-167Y']",['149.00'],['斯伯丁京东自营专区'],https://item.jd.com/100023908168.html
['\t\n威尔胜（Wilson）NCAA比赛用球 Final Four 成人PU7号室内室外手感耐磨WTB1233IB07CN'],['139.00'],['威尔胜京东自营旗舰店'],https://item.jd.com/100007262851.html
"['李宁', '室外耐磨吸湿PU皮成人青少年男女室内蓝球比赛街头软手感 7号 迪芙尼绿(吸湿PU)']",['107.00'],['倍安贝户外专营店'],https://item.jd.com/69587221086.html
"['\t\n李宁（LI-NING）', '成人大学生室内外水泥地橡胶耐磨防滑中小学生男女青少年比赛儿童训练蓝球7号']",['82.00'],['李宁体育用品京东自营专区'],https://item.jd.com/100012485769.html
"['\t\n斯伯丁Spalding 赛事', '吸湿皮料TF-1000(74-716A)传奇比赛蓝球']",['489.00'],['斯伯丁京东自营专卖店'],https://item.jd.com/1205289.html
"['空唰', '正幼儿园小学生专用儿童', '高弹软皮不伤手有3号4号5号可选择水泥地耐磨橡胶蓝球多种颜色高颜值 555绿色五号球']",['43.80'],['星眸运动专营店'],https://item.jd.com/10046068182226.html
"['\t\n李宁（LI-NING）', 'CBA联赛比赛', '室内外7号PU蓝球 LBQK043-1']",['116.00'],['李宁（LINING）球类京东自营专卖店'],https://item.jd.com/1420904.html
"['\t\n得力(deli)中小学训练', ' 成人儿童室内外7号球 F1105A']",['49.00'],['安格耐特京东自营旗舰店'],https://item.jd.com/4321803.html
"['\t\n李宁 LI-NING 彩虹', '中小学训练室外5号彩色橡胶儿童蓝球 LBQK655-1']",['73.00'],['李宁（LI-NING）球类京东自营专区'],https://item.jd.com/100007446369.html
"['\t\n威尔胜(Wilson)NBA训练比赛用球室内室外竞赛耐磨PU 7号', ' WTB8200IB07CN']",['149.00'],['威尔胜（Wilson）京东自营专卖店'],https://item.jd.com/100012287317.html
"['\t\n耐克NIKE', ' JORDAN ', '7号 PU 防滑耐磨AJ花式蓝球 室内室外训练比赛 JKI0285807']",['259.00'],['耐克体育装备京东自营专区'],https://item.jd.com/100008044146.html
"['李宁', '室外耐磨PU材质成人青少年小学生儿童少儿水泥地蓝球比赛软皮球 7号 282PU', '冷灰']",['116.00'],['李宁旺昂专卖店'],https://item.jd.com/10039933050570.html
"['\t\n安德玛（Under Armour）橡胶', 'UA7号', '耐磨2021新款库里室内外儿童']",['75.00'],['安德玛（UNDERARMOUR）体育用品京东自营专区'],https://item.jd.com/100024812342.html
"['李宁', '室外标准蓝球中学小学生幼儿园发泡橡胶水泥地街头男女生彩虹色 7号 蓝黄粉/通用标准']",['73.00'],['倍安贝户外专营店'],https://item.jd.com/67994547515.html
"['\t\n威尔胜(Wilson)NBA比赛用复刻版', '7号室内外防滑耐磨PU WTB7200IB07CN']",['200.00'],['威尔胜（Wilson）京东自营专卖店'],https://item.jd.com/100023564188.html
"['SANGESGRG 真皮牛皮', ' 牛皮耐磨防滑蓝球 室内室外通用品正7号比赛水泥地成人学生 棕黄色']",['165.00'],['斯帕克体育用品专营店'],https://item.jd.com/1540837188.html
"['\t\n斯伯丁(SPALDING)赛事', '7号PU耐磨防滑手感SureShot神射手室内外比赛用球76-805Y']",['299.90'],['斯伯丁京东自营旗舰店'],https://item.jd.com/100008106569.html
"['李宁（LI-NING）CBA官方联赛比赛用球 成人7号', ' FIBA 认证比赛', ' LBQK033-1']",['479.00'],['李宁（LI-NING）运动球类京东自营专区'],https://item.jd.com/100016254421.html
"['夜光发光', '礼盒生日礼物男生送男友男孩子儿童礼物送男朋友同学男士初中生十八岁成人礼实用惊喜情人节麦如 迷彩-反光发光', '礼盒套装']",['188.00'],['麦如京东自营旗舰店'],https://item.jd.com/10030416697410.html
"['\t\nNIKE耐克', ' 7号防滑耐磨成人花瓣', '室内室外训练比赛 NKI0785507']",['189.00'],['耐克体育装备京东自营专区'],https://item.jd.com/100006389099.html
"['\t\nLI-NING 李宁CBA赛事', '防尘PU材质室内外掌控比赛 蓝球 LBQK857-1']",['107.00'],['李宁（LI-NING）球类京东自营专区'],https://item.jd.com/6434357.html
"['\n斯伯丁（SPALDING）CUBA联赛比赛', '室内外PU材质成人儿童蓝球 76-633Y']",['106.00'],['SPALDING斯伯丁京东自营专区'],https://item.jd.com/100008529746.html
"['京东京造 LATIT系列', '7号比赛标准PU吸湿', '室内外水泥地耐磨校园训练用球青少年成人儿童蓝球']",['149.00'],['京东京造官方自营旗舰店'],https://item.jd.com/100025987914.html
"['SANGESGRG 真皮牛皮', ' 牛皮耐磨防滑蓝球 室内室外通用品正7号比赛水泥地成人学生 棕黄色']",['165.00'],['斯帕克体育用品专营店'],https://item.jd.com/1540837188.html
"['\t\n斯伯丁Spalding', '经典炫彩蓝球掌控7号球PU74-655Y/76-928Y']",['155.00'],['斯伯丁京东自营专卖店'],https://item.jd.com/2029517.html
"['\t\n斯伯丁Spalding比赛', '经典掌控室内外7号PU蓝球74-600Y/76-805Y']",['300.00'],['斯伯丁京东自营旗舰店'],https://item.jd.com/1061034.html
"['野球帝', '7号球金银复刻版吸湿pu耐磨室内外水泥地青少年成人', '官方蓝球 飘渺金']",['139.00'],['野球帝旗舰店'],https://item.jd.com/10022334400713.html
"['\t\n斯伯丁（SPALDING） 中少年儿童', '室内外比赛5号PU材质蓝球 76-950Y']",['125.00'],['SPALDING斯伯丁京东自营专区'],https://item.jd.com/5786893.html
"['\t\n斯伯丁SpaldingTF150耐磨', 'FIBA橡胶7号室外水泥地克星84-324Y/84-421Y']",['69.00'],['斯伯丁京东自营旗舰店'],https://item.jd.com/100011164553.html
"['SITAKE ', '室内外水泥地耐磨超纤真皮手感中小学生成人7号比赛蓝球DIY刻字qianm颗粒纹加厚 黑蓝色 扣蓝王']",['89.00'],['盛凡体育用品专营店'],https://item.jd.com/46265121552.html
"['准者', '室内室外撞色耐磨防滑7号青少年训练比赛用球', ' 169粉绿7号']",['53.00'],['顶护运动专营店'],https://item.jd.com/10024579954405.html
"['李宁', '室外耐磨PU高弹防尘水泥地男女联赛指定用球 7号 通用标准(耐磨PU)']",['84.00'],['倍安贝户外专营店'],https://item.jd.com/10025555494234.html
"['\t\n李宁（LI-NING）', 'CBA联赛专用成人儿童室内外比赛水泥地中小学生耐磨PU材质青少年训练7号蓝球']",['89.00'],['李宁体育用品京东自营专区'],https://item.jd.com/100016702953.html
"['\t\n李宁（LI-NING）CBA比赛', '室内外成人儿童7号橡胶材质蓝球 LBQK607-2']",['69.00'],['李宁（LINING）球类京东自营专卖店'],https://item.jd.com/100007575759.html
"['\t\n耐克（Nike）室外日常活动训练耐磨PU蓝球 标准7号', ' DO8258-070']",['199.00'],['Nike耐克京东自营专区'],https://item.jd.com/100032253620.html
"['得力中考训练', 'F1184_6号PU考试', '(橙色)(个)']",['109.00'],['安格耐特京东自营旗舰店'],https://item.jd.com/100031483196.html
"['\t\nEVERVON ', '成人比赛训练室内外兼用耐磨 经典原色校园团购款 7号防滑PU', 'EBP7-001']",['59.00'],['EVERVON运动京东自营旗舰店'],https://item.jd.com/100012647615.html
"['\t\n亚之杰奥特曼儿童玩具', '4号3-8岁皮球幼儿园训练球三层加厚比赛用球贝利亚&赛罗含气筒']",['35.90'],['亚之杰玩具（YA ZHI JIE WAN JU）京东自营旗舰店'],https://item.jd.com/100005866079.html
"['\t\n摩腾（molten）', 'GG7X 国际篮联公认FIBA7号室内比赛训练球']",['560.00'],['摩腾京东自营专区'],https://item.jd.com/2980078.html
"['\t\n李宁（LI-NING）精英系列 室内外通用比赛CBA7号', ' LBQK967-1']",['169.00'],['李宁（LI-NING）运动球类京东自营专区'],https://item.jd.com/100023864298.html
"['京东京造 ', '7号成人比赛 室内外街头', '拼色吸湿PU皮 青少年中学生训练用球']",['99.90'],['京东京造官方自营旗舰店'],https://item.jd.com/100014762155.html
"['名耐街头粉色涂鸦', '中考限量版成人学生青少年室外耐磨吸湿个性比赛训练用球女生专用 7号球个性涂鸦-粉白款']",['108.00'],['名耐体育用品旗舰店'],https://item.jd.com/56436665637.html
"['\t\n李宁（LI-NING）', '室内室外户外水泥地橡胶外场', '5号', ' LBQK695-2']",['82.00'],['李宁（LI-NING）运动球类京东自营专区'],https://item.jd.com/100013024367.html
"['nike耐克', '花瓣PU', ' VERSA TACK 官方新品室内外7号球比赛训练街球耐磨防滑舒适', ' 三色拼接/店长力推 7']",['169.00'],['天马运动专营店'],https://item.jd.com/10027577161319.html
"['\t\n李宁（LI-NING）', '成人大学生室内外水泥地PU耐磨防滑中小学生男女青少年比赛儿童训练蓝球7号']",['116.00'],['李宁体育用品京东自营专区'],https://item.jd.com/100030198940.html
"['萨达', '真皮质感反毛室内外水泥地耐磨翻毛软皮比赛蓝球儿童女子青少年 棕色7号成人球（加厚）耐磨送全套赠品']",['59.00'],['斯帕克运动专营店'],https://item.jd.com/41573854410.html
"['\t\n斯伯丁Spalding儿童5号', '中小学生训练比赛PU蓝球74-582Y/76-950Y']",['125.00'],['斯伯丁京东自营专卖店'],https://item.jd.com/1215119.html
['耐克（NIKE）乔丹JORDAN 耐磨防滑 成人室内外训练比赛 7号PU花式蓝球 J000264525007/BB9137-250 军绿橙'],['209.00'],['耐克体育装备京东自营专区'],https://item.jd.com/100031966412.html
"['夜光发光', '礼盒生日礼物男生送男友男孩子儿童礼物送男朋友同学男士初中生十八岁成人礼实用惊喜情人节麦如 迷彩-反光发光', '礼盒套装']",['188.00'],['麦如京东自营旗舰店'],https://item.jd.com/10030416697410.html
"['\t\nNIKE耐克', ' 7号防滑耐磨成人花瓣', '室内室外训练比赛 NKI0785507']",['189.00'],['耐克体育装备京东自营专区'],https://item.jd.com/100006389099.html
"['\t\nLI-NING 李宁CBA赛事', '防尘PU材质室内外掌控比赛 蓝球 LBQK857-1']",['107.00'],['李宁（LI-NING）球类京东自营专区'],https://item.jd.com/6434357.html
"['\n斯伯丁（SPALDING）CUBA联赛比赛', '室内外PU材质成人儿童蓝球 76-633Y']",['106.00'],['SPALDING斯伯丁京东自营专区'],https://item.jd.com/100008529746.html
"['京东京造 LATIT系列', '7号比赛标准PU吸湿', '室内外水泥地耐磨校园训练用球青少年成人儿童蓝球']",['149.00'],['京东京造官方自营旗舰店'],https://item.jd.com/100025987914.html
"['李宁（LI-NING）', 'CBA联赛比赛', '室内外7号PU蓝球 LBQK043-1']",['116.00'],['李宁（LINING）球类京东自营专卖店'],https://item.jd.com/1420904.html
"['\t\n斯伯丁Spalding', '经典炫彩蓝球掌控7号球PU74-655Y/76-928Y']",['155.00'],['斯伯丁京东自营专卖店'],https://item.jd.com/2029517.html
"['\t\n斯伯丁Spalding比赛', '经典掌控室内外7号PU蓝球74-600Y/76-805Y']",['300.00'],['斯伯丁京东自营旗舰店'],https://item.jd.com/1061034.html
"['野球帝', '7号球金银复刻版吸湿pu耐磨室内外水泥地青少年成人', '官方蓝球 飘渺金']",['139.00'],['野球帝旗舰店'],https://item.jd.com/10022334400713.html
"['\t\n斯伯丁（SPALDING） 中少年儿童', '室内外比赛5号PU材质蓝球 76-950Y']",['125.00'],['SPALDING斯伯丁京东自营专区'],https://item.jd.com/5786893.html
"['\t\n斯伯丁SpaldingTF150耐磨', 'FIBA橡胶7号室外水泥地克星84-324Y/84-421Y']",['69.00'],['斯伯丁京东自营旗舰店'],https://item.jd.com/100011164553.html
"['撩风者7号炫彩花式个性蓝球 软皮防滑耐磨大学生水泥地青少年成人', ' 7号 认真-星空']",['88.00'],['撩风者官方旗舰店'],https://item.jd.com/10026632417128.html
"['准者', '室内室外撞色耐磨防滑7号青少年训练比赛用球', ' 169粉绿7号']",['53.00'],['顶护运动专营店'],https://item.jd.com/10024579954405.html
"['李宁', '室外耐磨PU高弹防尘水泥地男女联赛指定用球 7号 通用标准(耐磨PU)']",['84.00'],['倍安贝户外专营店'],https://item.jd.com/10025555494234.html
"['\t\n李宁（LI-NING）', 'CBA联赛专用成人儿童室内外比赛水泥地中小学生耐磨PU材质青少年训练7号蓝球']",['89.00'],['李宁体育用品京东自营专区'],https://item.jd.com/100016702953.html
"['\t\n李宁（LI-NING）CBA比赛', '室内外成人儿童7号橡胶材质蓝球 LBQK607-2']",['69.00'],['李宁（LINING）球类京东自营专卖店'],https://item.jd.com/100007575759.html
"['\t\n耐克（Nike）室外日常活动训练耐磨PU蓝球 标准7号', ' DO8258-070']",['199.00'],['Nike耐克京东自营专区'],https://item.jd.com/100032253620.html
"['匹克（PEAK）室内外通用蓝球成人儿童比赛', ' 黑色 DQ112755 ']",['49.00'],[],https://item.jd.com/100025402138.html
"['\t\nEVERVON ', '成人比赛训练室内外兼用耐磨 经典原色校园团购款 7号防滑PU', 'EBP7-001']",['59.00'],['EVERVON运动京东自营旗舰店'],https://item.jd.com/100012647615.html
"['\t\n亚之杰奥特曼儿童玩具', '4号3-8岁皮球幼儿园训练球三层加厚比赛用球贝利亚&赛罗含气筒']",['35.90'],['亚之杰玩具（YA ZHI JIE WAN JU）京东自营旗舰店'],https://item.jd.com/100005866079.html
"['\t\n摩腾（molten）', 'GG7X 国际篮联公认FIBA7号室内比赛训练球']",['560.00'],['摩腾京东自营专区'],https://item.jd.com/2980078.html
"['\t\n李宁（LI-NING）精英系列 室内外通用比赛CBA7号', ' LBQK967-1']",['169.00'],['李宁（LI-NING）运动球类京东自营专区'],https://item.jd.com/100023864298.html
"['京东京造 ', '7号成人比赛 室内外街头', '拼色吸湿PU皮 青少年中学生训练用球']",['99.90'],['京东京造官方自营旗舰店'],https://item.jd.com/100014762155.html
"['匹克（PEAK）成人儿童比赛蓝球室内外通用', ' 蓝色 DQ112755 ']",['49.00'],[],https://item.jd.com/100025402186.html
"['\t\n李宁（LI-NING）', '室内室外户外水泥地橡胶外场', '5号', ' LBQK695-2']",['82.00'],['李宁（LI-NING）运动球类京东自营专区'],https://item.jd.com/100013024367.html
"['nike耐克', '花瓣PU', ' VERSA TACK 官方新品室内外7号球比赛训练街球耐磨防滑舒适', ' 三色拼接/店长力推 7']",['169.00'],['天马运动专营店'],https://item.jd.com/10027577161319.html
"['\t\n李宁（LI-NING）', '成人大学生室内外水泥地PU耐磨防滑中小学生男女青少年比赛儿童训练蓝球7号']",['116.00'],['李宁体育用品京东自营专区'],https://item.jd.com/100030198940.html
"['萨达', '真皮质感反毛室内外水泥地耐磨翻毛软皮比赛蓝球儿童女子青少年 棕色7号成人球（加厚）耐磨送全套赠品']",['59.00'],['斯帕克运动专营店'],https://item.jd.com/41573854410.html
"['\t\n斯伯丁Spalding儿童5号', '中小学生训练比赛PU蓝球74-582Y/76-950Y']",['125.00'],['斯伯丁京东自营专卖店'],https://item.jd.com/1215119.html
"['李宁（LI-NING）CBA比赛', '室内外成人儿童7号橡胶材质蓝球 LBQK607-4']",['69.00'],['李宁（LINING）球类京东自营专卖店'],https://item.jd.com/100002821716.html
"['李宁', '室外成人儿童幼儿园小学生蓝球水泥地耐磨专业用球 7号 橡胶发泡绿色']",['79.00'],['李宁旺昂专卖店'],https://item.jd.com/10043937224288.html
"['斯伯丁', '室内室外防滑耐磨掌控7号球 74-874Y']",['150.00'],['顶护运动专营店'],https://item.jd.com/71886443646.html
"['克洛斯威', '耐磨室内外水泥地儿童学生训练成人比赛吸湿超纤翻毛皮', ' 7号 1027灰棕色']",['45.00'],['克洛斯威官方旗舰店'],https://item.jd.com/55674067467.html
"['\t\n克洛斯威', '耐磨吸湿真皮手感七号成人六号女式五号学生比赛训练粉色街头', ' 7号 孔雀蓝;标准用球']",['72.00'],['克洛斯威官方旗舰店'],https://item.jd.com/10021825581795.html
"['斯伯丁旗舰店SPALDING蓝黄白室内室外PU5号', '76-893Y 5号球(青少年)']",['159.00'],['斯伯丁旗舰店'],https://item.jd.com/55025779865.html
"['nike耐克', '官方经典款 2022年春季', '7号标准球比赛训练室内外耐磨防滑', '高中生精英款 N000264485507/黑标 7']",['249.00'],['天马运动专营店'],https://item.jd.com/10027478499734.html
"['LINING李宁', '儿童成人水泥地耐磨比赛训练5号7号小学生幼儿园橡胶蓝球lanqiu 5#【蓝色】LBQK605-4']",['68.00'],['华冠运动专营店'],https://item.jd.com/50697967773.html
"['斯伯丁旗舰店SPALDING玩赏儿童节礼物橡胶', '3号球65-134y 3号（儿童）']",['67.00'],['斯伯丁旗舰店'],https://item.jd.com/71725464635.html
"['克洛斯威', '幼儿园儿童小学生男女室内室外水泥地耐磨成人比赛训练用球 卡通-红蓝白 5号球 4-12岁使用']",['35.90'],['克洛斯威官方旗舰店'],https://item.jd.com/29095643973.html
"['准者投篮训练', '7号球防滑耐磨青少年学生比赛训练球室内外 Z320220119投篮训练球']",['139.00'],['准者官方旗舰店'],https://item.jd.com/69105855264.html
"['\t\n李宁（LI-NING）', '室内室外户外水泥地橡胶外场', '7号', ' LBQK657-2']",['79.00'],['李宁（LI-NING）运动球类京东自营专区'],https://item.jd.com/100013341215.html
"['李宁（LI-NING）', 'CBA联赛官方比赛室内外儿童成人7号PU材质蓝球 LBQK443-1']",['80.00'],['李宁（LINING）球类京东自营专卖店'],https://item.jd.com/4066824.html
"['\t\n斯伯丁（SPALDING）宝可梦联名青少年儿童室内外5号橡胶材质', ' 84-580Y']",['125.00'],['SPALDING斯伯丁京东自营专区'],https://item.jd.com/100025555904.html
"['\t\n耐克（Nike）', '室内室外户外水泥地橡胶外场', ' 环保橡胶  DR5095-973']",['169.00'],['Nike耐克京东自营专区'],https://item.jd.com/100032253648.html
"['MGB.JDNG 训练', '比赛儿童中小学生室内外防滑耐磨青少年蓝球 6号', 'k-556【打气筒气针网兜】']",['58.00'],['威动运动专营店'],https://item.jd.com/28837708598.html
"['李宁', 'LiNing狼头PU皮成人室外室内蓝球水泥地耐磨街头', ' 7号 玉绿色（耐磨PU）']",['107.00'],['倍安贝户外专营店'],https://item.jd.com/69750820226.html
"['铂奈熙', '黑曼巴7号球PU吸湿软皮耐磨室内外通用成人学生训练比赛球 7号科比黑金色']",['148.00'],['华煦运动户外专营店'],https://item.jd.com/10041982175671.html
"['李宁（LI-NING）比赛', '吸湿防滑7号PU材质蓝球 LBQK218-2']",['116.00'],['李宁（LINING）球类京东自营专卖店'],https://item.jd.com/100013583110.html
"['克洛斯威反光', '7号星空夜光室外耐磨网红同款荧光花式街球 炫彩黑-7号球']",['118.00'],['克洛斯威官方旗舰店'],https://item.jd.com/54286348934.html
"['李宁CBA', '变色PU皮室外室内耐磨蓝球成人男女青少年学生街头 7号 蓝紫（耐磨PU）']",['139.00'],['倍安贝户外专营店'],https://item.jd.com/69749999967.html
"['\t\nNIKE 耐克 乔丹款', '室外日常活动训练耐磨蓝球 标准7号', ' BB0621-858']",['269.00'],['Nike耐克京东自营专区'],https://item.jd.com/100005182644.html
"['LINING/李宁', ' 比赛训练用球PU 7号室外蓝球030-P 手感软']",['109.00'],['奥博运动专营店'],https://item.jd.com/1024407529.html
"['红双喜蓝球儿童小学生幼儿园学生', '男女成人lanqiu耐打耐磨', ' 5号 建议3-12岁儿童']",['37.00'],['DHS红双喜晶储专卖店'],https://item.jd.com/16506997243.html
"['美士达misda黄色笑脸', ' 微笑表情耐磨防滑个性花式成人儿童幼儿园学生青少年初中生比赛训练专用蓝球 7号-笑脸炫彩黄']",['55.00'],['美士达体育用品专营店'],https://item.jd.com/62789548610.html
"['斯伯丁旗舰店SPALDING耐打掌控比赛用球室内室外PU', '7号球 76-874Y']",['183.00'],['斯伯丁旗舰店'],https://item.jd.com/64500805832.html
"['\t\n摩腾（molten）', 'GD7X-C 国家队标学生校园7号室内外通用PU比赛训练球']",['176.00'],['摩腾京东自营专区'],https://item.jd.com/4019141.html
"['李宁夜光', '发光pu皮7号吸湿防滑耐磨耐打成人青少年比赛训练室内外球 粉色 夜光吸湿 290-2']",['169.00'],['动之美体育专营店'],https://item.jd.com/10026505735211.html
"['萨达', '中考室外水泥地防滑耐磨青少年男女生专用7号樱花粉色限量版手感软皮蓝球儿童5号送朋友礼物 泼墨款蓝白色七号', '(标准球)']",['68.00'],['萨达翌正宇专卖店'],https://item.jd.com/10039711314918.html
"['威尔胜WILSON', '波浪WAVE7号虎扑识货室外耐磨成人儿童5学生比赛专业用球 识货定制款(7号球)']",['144.00'],['顶迪运动专营店'],https://item.jd.com/55518531811.html
"['李宁（LI-NING）CBA比赛', '室内外成人儿童7号橡胶材质蓝球 LBQK607-4']",['69.00'],['李宁（LINING）球类京东自营专卖店'],https://item.jd.com/100002821716.html
"['李宁', '室外成人儿童幼儿园小学生蓝球水泥地耐磨专业用球 7号 橡胶发泡绿色']",['79.00'],['李宁旺昂专卖店'],https://item.jd.com/10043937224288.html
"['斯伯丁', '室内室外防滑耐磨掌控7号球 74-874Y']",['150.00'],['顶护运动专营店'],https://item.jd.com/71886443646.html
"['克洛斯威', '耐磨室内外水泥地儿童学生训练成人比赛吸湿超纤翻毛皮', ' 7号 1027灰棕色']",['45.00'],['克洛斯威官方旗舰店'],https://item.jd.com/55674067467.html
"['\t\n克洛斯威', '耐磨吸湿真皮手感七号成人六号女式五号学生比赛训练粉色街头', ' 7号 孔雀蓝;标准用球']",['72.00'],['克洛斯威官方旗舰店'],https://item.jd.com/10021825581795.html
"['斯伯丁旗舰店SPALDING蓝黄白室内室外PU5号', '76-893Y 5号球(青少年)']",['159.00'],['斯伯丁旗舰店'],https://item.jd.com/55025779865.html
"['Wilson威尔胜', 'NBA比赛耐磨PU室内外通用标准成人青少年', 'AUTHENTIC WTB7200IB07CN-7号球']",['229.00'],['WILSON威尔胜官方旗舰店'],https://item.jd.com/10032825141364.html
"['LINING李宁', '儿童成人水泥地耐磨比赛训练5号7号小学生幼儿园橡胶蓝球lanqiu 5#【蓝色】LBQK605-4']",['68.00'],['华冠运动专营店'],https://item.jd.com/50697967773.html
"['斯伯丁旗舰店SPALDING玩赏儿童节礼物橡胶', '3号球65-134y 3号（儿童）']",['67.00'],['斯伯丁旗舰店'],https://item.jd.com/71725464635.html
"['克洛斯威', '幼儿园儿童小学生男女室内室外水泥地耐磨成人比赛训练用球 卡通-红蓝白 5号球 4-12岁使用']",['35.90'],['克洛斯威官方旗舰店'],https://item.jd.com/29095643973.html
"['准者投篮训练', '7号球防滑耐磨青少年学生比赛训练球室内外 Z320220119投篮训练球']",['139.00'],['准者官方旗舰店'],https://item.jd.com/69105855264.html
"['\t\n李宁（LI-NING）', '室内室外户外水泥地橡胶外场', '7号', ' LBQK657-2']",['79.00'],['李宁（LI-NING）运动球类京东自营专区'],https://item.jd.com/100013341215.html
"['nike耐克', '橡胶人造革 官方', '室内外7号球 比赛训练街球 耐磨防滑舒适', ' DO4841-855 7']",['229.00'],['天马运动专营店'],https://item.jd.com/10027531433383.html
"['\t\n斯伯丁（SPALDING）宝可梦联名青少年儿童室内外5号橡胶材质', ' 84-580Y']",['125.00'],['SPALDING斯伯丁京东自营专区'],https://item.jd.com/100025555904.html
"['\t\n耐克（Nike）', '室内室外户外水泥地橡胶外场', ' 环保橡胶  DR5095-973']",['169.00'],['Nike耐克京东自营专区'],https://item.jd.com/100032253648.html
"['MGB.JDNG 训练', '比赛儿童中小学生室内外防滑耐磨青少年蓝球 6号', 'k-556【打气筒气针网兜】']",['58.00'],['威动运动专营店'],https://item.jd.com/28837708598.html
"['李宁', 'LiNing狼头PU皮成人室外室内蓝球水泥地耐磨街头', ' 7号 玉绿色（耐磨PU）']",['107.00'],['倍安贝户外专营店'],https://item.jd.com/69750820226.html
"['铂奈熙', '黑曼巴7号球PU吸湿软皮耐磨室内外通用成人学生训练比赛球 7号科比黑金色']",['148.00'],['华煦运动户外专营店'],https://item.jd.com/10041982175671.html
"['李宁（LI-NING）悦享吸湿耐磨PU 室内外成人7号', ' LBQK727粉白色']",['99.00'],['李宁（LI-NING）健身京东自营专区'],https://item.jd.com/100034358292.html
"['克洛斯威反光', '7号星空夜光室外耐磨网红同款荧光花式街球 炫彩黑-7号球']",['118.00'],['克洛斯威官方旗舰店'],https://item.jd.com/54286348934.html
"['李宁CBA', '变色PU皮室外室内耐磨蓝球成人男女青少年学生街头 7号 蓝紫（耐磨PU）']",['139.00'],['倍安贝户外专营店'],https://item.jd.com/69749999967.html
"['\t\nNIKE 耐克 乔丹款', '室外日常活动训练耐磨蓝球 标准7号', ' BB0621-858']",['269.00'],['Nike耐克京东自营专区'],https://item.jd.com/100005182644.html
"['LINING/李宁', ' 比赛训练用球PU 7号室外蓝球030-P 手感软']",['109.00'],['奥博运动专营店'],https://item.jd.com/1024407529.html
"['红双喜蓝球儿童小学生幼儿园学生', '男女成人lanqiu耐打耐磨', ' 5号 建议3-12岁儿童']",['37.00'],['DHS红双喜晶储专卖店'],https://item.jd.com/16506997243.html
"['nike耐克', '官方经典款 2022年春季', '7号标准球比赛训练室内外耐磨防滑', '高中生精英款 N000264485507/黑标 7']",['249.00'],['天马运动专营店'],https://item.jd.com/10027478499734.html
"['斯伯丁旗舰店SPALDING耐打掌控比赛用球室内室外PU', '7号球 76-874Y']",['183.00'],['斯伯丁旗舰店'],https://item.jd.com/64500805832.html
"['\t\n摩腾（molten）', 'GD7X-C 国家队标学生校园7号室内外通用PU比赛训练球']",['176.00'],['摩腾京东自营专区'],https://item.jd.com/4019141.html
"['李宁夜光', '发光pu皮7号吸湿防滑耐磨耐打成人青少年比赛训练室内外球 粉色 夜光吸湿 290-2']",['169.00'],['动之美体育专营店'],https://item.jd.com/10026505735211.html
"['萨达', '中考室外水泥地防滑耐磨青少年男女生专用7号樱花粉色限量版手感软皮蓝球儿童5号送朋友礼物 泼墨款蓝白色七号', '(标准球)']",['68.00'],['萨达翌正宇专卖店'],https://item.jd.com/10039711314918.html
"['威尔胜WILSON', '波浪WAVE7号虎扑识货室外耐磨成人儿童5学生比赛专业用球 识货定制款(7号球)']",['144.00'],['顶迪运动专营店'],https://item.jd.com/55518531811.html
"['韦德/wade', '真皮质感室内室外水泥地耐磨皮球中小学生成人训练比赛蓝球 瓦灰翻毛-7号标准款【送实用大', '】 7号']",['108.00'],['尊博运动专营店'],https://item.jd.com/10037996741466.html
"['\t\n狂迷荧光', '发光夜光内外场专用成人耐磨高颜值手感蓝球']",['168.00'],['狂迷京东自营旗舰店'],https://item.jd.com/100017983250.html
"['MGB.JDNG7号', '学生标准PU室内室外耐磨防滑比赛lanqiu K-771 【打气筒气针网兜】']",['59.00'],['威动运动专营店'],https://item.jd.com/40067547013.html
"['准者拼色', '7号球防滑耐磨时尚青少年学生比赛训练球室内外 Z320220121白/灰/黑【七号球】']",['89.00'],['准者官方旗舰店'],https://item.jd.com/69122856346.html
"['\t\n小马宝莉系列5号儿童', '橡胶材质幼儿园小学青少年训练用球WB201C5']",['49.00'],['青少年篮球京东自营专区'],https://item.jd.com/100021894672.html
"['\t\n斯伯丁Spalding魔术师', '室内外标准7号成人', 'PU材质表皮椭圆形颗粒77-376Y黑银']",['167.00'],['斯伯丁京东自营专卖店'],https://item.jd.com/100018819265.html
"['李宁（LI-NING）CBA官方联赛比赛用球 成人7号', ' FIBA 认证比赛', ' LBQK033-1']",['479.00'],['李宁（LI-NING）运动球类京东自营专区'],https://item.jd.com/100016254421.html
"['MGB.JDNG', '学生标准PU成人室内室外水泥地中小学生耐磨防滑比赛lanqiu 6号K-556型号（棕色）']",['58.00'],['南柯迪运动户外专营店'],https://item.jd.com/10036030366341.html
"['斯伯丁旗舰店SPALDING', '7号室外橡胶蓝球84-759Y 7号球（标准）']",['98.00'],['斯伯丁旗舰店'],https://item.jd.com/10045580361462.html
"['斯伯丁旗舰店SPALDING掌控比赛用球室内室外PU', '7号球77-198Y 7号球(标准球)']",['169.00'],['斯伯丁旗舰店'],https://item.jd.com/35233740420.html
"['\t\nNIKE耐克VERSA TACK花瓣', '街球炫彩防滑耐磨7号标准蓝球 BB0639-463']",['189.00'],['耐克体育装备京东自营专区'],https://item.jd.com/100006707375.html
"['nike耐克', '橡胶人造革 官方新品室内外7号球 比赛训练街球 耐磨防滑舒适', ' DO4841-855 7']",['229.00'],['天马运动专营店'],https://item.jd.com/10027531433383.html
"['威尔胜（Wilson）', '7号PU室内外NBA比赛用复刻版防滑耐磨 WTB7200IB07CN']",['200.00'],['威尔胜（Wilson）京东自营专区'],https://item.jd.com/100024269514.html
"['斯伯丁旗舰店SPALDING复合材料PU室内外通用7号', '76-929Y (标准)']",['183.00'],['斯伯丁旗舰店'],https://item.jd.com/10026567284597.html
"['ANLODA湖人黑曼巴24号', '耐磨防滑吸汗软皮翻毛真皮手感室内外水泥地学生成人比赛7号标准蓝球礼物 黄黑科比']",['98.00'],['安骆达官方旗舰店'],https://item.jd.com/10025142917767.html
"['斯伯丁旗舰店SPALDING比赛用球掌控室内室外PU', '7号球76-805Y 七号球(标准)']",['367.00'],['斯伯丁旗舰店'],https://item.jd.com/35312780199.html
"['\t\nCBA', '5号球 中国', '耐磨橡胶彩色蓝球  CA822']",['39.00'],['CBA京东自营旗舰店'],https://item.jd.com/100004790295.html
"['\t\n斯伯丁Spalding儿童', '5号', '儿童青少年学生训练5号PU蓝球74-582Y/76-950Y']",['125.00'],['斯伯丁京东自营专区'],https://item.jd.com/1315320.html
"['nike耐克', '官方经典款 2022年春季', '7号标准球比赛训练室内外耐磨防滑', '高中生精英款 N000264485507/黑标 7']",['249.00'],['天马运动专营店'],https://item.jd.com/10027478499734.html
"['Wilson威尔胜NBA圣诞限定', '礼盒pu皮室内外通用7号球mini球礼物 【圣诞配件】雪橇球托+大圣诞树+小圣诞树']",['49.00'],['WILSON威尔胜官方旗舰店'],https://item.jd.com/10041427436207.html
"['斯伯丁旗舰店SPALDING儿童橡胶', '竞速头盔青少年84-464Y 4号球（儿童）']",['89.00'],['斯伯丁旗舰店'],https://item.jd.com/10044595243582.html
"['星空耐磨真皮手感掌控7号标准比赛用球室内外水泥地通用套装潮流网红款 星空款', '+赠品套装']",['79.00'],['东方红运动专营店'],https://item.jd.com/62328953071.html
"['斯伯丁', 'SPALDING旋风7号PU室外室内成人儿童中学生男女耐磨比赛训练蓝球 蓝粉（7号/PU/999Y）']",['179.00'],['倍安贝运动专营店'],https://item.jd.com/10033295487151.html
"['斯伯丁旗舰店SPALDING女子', '甲级联赛女子六号橡胶', ' 84-446Y 6号']",['89.00'],['斯伯丁旗舰店'],https://item.jd.com/10026507067292.html
"['Wilson威尔胜', 'NBA比赛耐磨PU室内外通用标准成人青少年', 'AUTHENTIC WTB7200IB07CN-7号球']",['229.00'],['WILSON威尔胜官方旗舰店'],https://item.jd.com/10032825141364.html
"['李宁', '礼物礼盒套装标准7号成人PU', '男女生水泥地学生室内外比赛训练手感之王通用夜光专用蓝球 LBQK282-1【波洛克', '礼盒装】']",['129.00'],['卓希运动专营店'],https://item.jd.com/10035591468388.html
"['斯伯丁旗舰店SPALDING街头飓风室内室外PU', '7号标准球76-884Y/74-414Y 七号球(标准)']",['151.00'],['斯伯丁旗舰店'],https://item.jd.com/37351793258.html
"['李宁', '七号7号标准球FIBA赛事认证球lining室内外通用训练球lanqiu LBQK033 FIBA赛事认证']",['369.00'],['华冠运动专营店'],https://item.jd.com/10128790859.html
"['斯伯丁旗舰店Spalding魔术师', '室内外PU', '77-376Y 7号球（标准）']",['211.00'],['斯伯丁旗舰店'],https://item.jd.com/10044505929556.html
"['斯伯丁儿童小学生青少年幼儿园专用5号', '耐磨室外训练 76-893Y']",['144.00'],['顶迪运动专营店'],https://item.jd.com/10028852481383.html
['耐克（NIKE）乔丹JORDAN 耐磨防滑 成人室内外训练比赛 7号PU花式蓝球 J000264525007/BB9137-250 军绿橙'],['209.00'],['耐克体育装备京东自营专区'],https://item.jd.com/100031966412.html
"['\t\n狂迷荧光', '发光夜光内外场专用成人耐磨高颜值手感蓝球']",['168.00'],['狂迷京东自营旗舰店'],https://item.jd.com/100017983250.html
"['MGB.JDNG7号', '学生标准PU室内室外耐磨防滑比赛lanqiu K-771 【打气筒气针网兜】']",['59.00'],['威动运动专营店'],https://item.jd.com/40067547013.html
"['准者拼色', '7号球防滑耐磨时尚青少年学生比赛训练球室内外 Z320220121白/灰/黑【七号球】']",['89.00'],['准者官方旗舰店'],https://item.jd.com/69122856346.html
"['\t\n小马宝莉系列5号儿童', '橡胶材质幼儿园小学青少年训练用球WB201C5']",['49.00'],['青少年篮球京东自营专区'],https://item.jd.com/100021894672.html
"['\t\n斯伯丁Spalding魔术师', '室内外标准7号成人', 'PU材质表皮椭圆形颗粒77-376Y黑银']",['167.00'],['斯伯丁京东自营专卖店'],https://item.jd.com/100018819265.html
"['斯伯丁（SPALDING）比赛', '炫酷反光球室内7号PU材质', ' 76-911Y']",['234.00'],['SPALDING斯伯丁京东自营专区'],https://item.jd.com/100009641535.html
"['MGB.JDNG', '学生标准PU成人室内室外水泥地中小学生耐磨防滑比赛lanqiu 6号K-556型号（棕色）']",['58.00'],['南柯迪运动户外专营店'],https://item.jd.com/10036030366341.html
"['斯伯丁旗舰店SPALDING', '7号室外橡胶蓝球84-759Y 7号球（标准）']",['98.00'],['斯伯丁旗舰店'],https://item.jd.com/10045580361462.html
"['斯伯丁旗舰店SPALDING掌控比赛用球室内室外PU', '7号球77-198Y 7号球(标准球)']",['169.00'],['斯伯丁旗舰店'],https://item.jd.com/35233740420.html
"['\t\nNIKE耐克VERSA TACK花瓣', '街球炫彩防滑耐磨7号标准蓝球 BB0639-463']",['189.00'],['耐克体育装备京东自营专区'],https://item.jd.com/100006707375.html
"['nike耐克', '橡胶人造革 官方新品室内外7号球 比赛训练街球 耐磨防滑舒适', ' DO4841-855 7']",['229.00'],['天马运动专营店'],https://item.jd.com/10027531433383.html
"['鸿克5号儿童', '小学生幼儿园室外青少年软皮水泥地耐磨比赛蓝球 5号翻毛', '598（配气筒气针网兜+教学视频）']",['98.00'],['鸿克旗舰店'],https://item.jd.com/32598240302.html
"['斯伯丁旗舰店SPALDING复合材料PU室内外通用7号', '76-929Y (标准)']",['183.00'],['斯伯丁旗舰店'],https://item.jd.com/10026567284597.html
"['ANLODA湖人黑曼巴24号', '耐磨防滑吸汗软皮翻毛真皮手感室内外水泥地学生成人比赛7号标准蓝球礼物 黄黑科比']",['98.00'],['安骆达官方旗舰店'],https://item.jd.com/10025142917767.html
"['斯伯丁旗舰店SPALDING比赛用球掌控室内室外PU', '7号球76-805Y 七号球(标准)']",['367.00'],['斯伯丁旗舰店'],https://item.jd.com/35312780199.html
"['\t\nCBA', '5号球 中国', '耐磨橡胶彩色蓝球  CA822']",['39.00'],['CBA京东自营旗舰店'],https://item.jd.com/100004790295.html
"['\t\n斯伯丁Spalding儿童', '5号', '儿童青少年学生训练5号PU蓝球74-582Y/76-950Y']",['125.00'],['斯伯丁京东自营专区'],https://item.jd.com/1315320.html
"['李宁（LI-NING）CBA官方联赛比赛用球室内外通用防滑耐磨成人男女青少年7号', 'FIBA认证比赛', 'LBQK033-1']",['429.00'],['李宁（LI-NING）健身京东自营专区'],https://item.jd.com/100019483761.html
"['Wilson威尔胜NBA圣诞限定', '礼盒pu皮室内外通用7号球mini球礼物 【圣诞配件】雪橇球托+大圣诞树+小圣诞树']",['49.00'],['WILSON威尔胜官方旗舰店'],https://item.jd.com/10041427436207.html
"['斯伯丁旗舰店SPALDING儿童橡胶', '竞速头盔青少年84-464Y 4号球（儿童）']",['89.00'],['斯伯丁旗舰店'],https://item.jd.com/10044595243582.html
"['星空耐磨真皮手感掌控7号标准比赛用球室内外水泥地通用套装潮流网红款 星空款', '+赠品套装']",['79.00'],['东方红运动专营店'],https://item.jd.com/62328953071.html
"['斯伯丁', 'SPALDING旋风7号PU室外室内成人儿童中学生男女耐磨比赛训练蓝球 蓝粉（7号/PU/999Y）']",['179.00'],['倍安贝运动专营店'],https://item.jd.com/10033295487151.html
"['斯伯丁旗舰店SPALDING女子', '甲级联赛女子六号橡胶', ' 84-446Y 6号']",['89.00'],['斯伯丁旗舰店'],https://item.jd.com/10026507067292.html
"['博森特移动', '架 室外户外成人标准可升降标准', '架子 室内家用蓝球架', '框架 标准款']",['1990.00'],['博森特运动户外旗舰店'],https://item.jd.com/34247336595.html
"['李宁', '礼物礼盒套装标准7号成人PU', '男女生水泥地学生室内外比赛训练手感之王通用夜光专用蓝球 LBQK282-1【波洛克', '礼盒装】']",['129.00'],['卓希运动专营店'],https://item.jd.com/10035591468388.html
"['斯伯丁旗舰店SPALDING街头飓风室内室外PU', '7号标准球76-884Y/74-414Y 七号球(标准)']",['151.00'],['斯伯丁旗舰店'],https://item.jd.com/37351793258.html
"['李宁', '七号7号标准球FIBA赛事认证球lining室内外通用训练球lanqiu LBQK033 FIBA赛事认证']",['369.00'],['华冠运动专营店'],https://item.jd.com/10128790859.html
"['斯伯丁旗舰店Spalding魔术师', '室内外PU', '77-376Y 7号球（标准）']",['211.00'],['斯伯丁旗舰店'],https://item.jd.com/10044505929556.html
"['斯伯丁儿童小学生青少年幼儿园专用5号', '耐磨室外训练 76-893Y']",['144.00'],['顶迪运动专营店'],https://item.jd.com/10028852481383.html
"['红双喜DHS ', '5号小学生儿童青少年比赛训练室内外橡胶耐磨防滑颗粒好抓可水洗蓝球  蓝粉灰E-FB500-61JB']",['53.00'],['红双喜（DHS）球类京东自营专卖店'],https://item.jd.com/100026083400.html
"['\t\n匹克（PEAK）室内外通用蓝球成人儿童比赛', ' 黑色 DQ112755 ']",['49.00'],[],https://item.jd.com/100025402138.html
"['安踏', '全明星7号标准球春夏新款比赛实战', 'KT汤普森PU个性涂鸦耐磨室内室外通用球 【全明星系列】19931723R-1 均码']",['159.00'],['安踏配件旗舰店'],https://item.jd.com/10033281149608.html
"['斯伯丁旗舰店SPALDING耐打马卡龙配色室内室外PU', '7号球 联盟系列76-897Y']",['169.00'],['斯伯丁旗舰店'],https://item.jd.com/10037107076707.html
"['\t\n耐克（Nike） 乔丹款', ' 标准7号室内外防滑耐磨', ' BB9137-053']",['219.00'],['Nike耐克京东自营专区'],https://item.jd.com/100012211614.html
"['威尔胜（Wilson）', 'ELEVATE橡胶水泥地耐磨室内室外校园学生训练用球 WTB2601IB07CN-7号球']",['113.00'],['WILSON弘润元吉专卖店'],https://item.jd.com/10021170215656.html
"['李宁（LI-NING）精英系列 室内外通用比赛CBA7号', ' LBQK967-1']",['169.00'],['李宁（LI-NING）运动球类京东自营专区'],https://item.jd.com/100023864298.html
"['摩腾（MOLTEN） ', '7号男室内室外比赛训练耐磨用球FIBA认证蓝球GM7X礼盒装']",['329.00'],['molten摩腾运动旗舰店'],https://item.jd.com/11258294186.html
"['\t\n斯伯丁 SPALDING 比赛', '炫酷反光球室内PU材质7号', ' 76-911Y']",['234.90'],['SPALDING斯伯丁京东自营专区'],https://item.jd.com/100028084576.html
"['威尔胜（Wilson）2021新款NBA系列纪念款PU耐磨室内室外7号训练比赛', ' WTB3400IB07CN-银色']",['289.00'],['WILSON弘润元吉专卖店'],https://item.jd.com/10035237353931.html
"['斯伯丁旗舰店TF-1000传奇系列室内比赛高品质PU', '74-716A 七号(标准球)']",['559.00'],['斯伯丁旗舰店'],https://item.jd.com/35233717298.html
"['UA安德玛', '7号标准球库里室内外男女蓝球比赛专业训练球防滑耐磨', '水泥地 21520110-990科技蓝']",['75.00'],['猎涉运动专营店'],https://item.jd.com/10033085170221.html
"['耐克NIKE ', '5号青少年橡胶材质', '室内外通用耐磨水泥地街头', ' 中小学', ' 5号 DO8261-913 橡胶']",['139.00'],['永耀运动专营店'],https://item.jd.com/10040793149922.html
"['\t\n李宁（LI-NING）反伍系列吸湿PU室内外耐磨7号', ' LBQK218-1']",['129.00'],['李宁（LI-NING）运动球类京东自营专区'],https://item.jd.com/100012485789.html
"['Wilson', '赛事专业实战', 'NCAA男篮四强赛官方用球室内外通用7号球 WTB1233IB07CN-7号球']",['129.00'],['WILSON威尔胜官方旗舰店'],https://item.jd.com/10035393298416.html
"['\t\n摩腾官方 molten摩腾', '7号FIBA男篮落选赛比赛用球5000 B7G5000【7号男子', '】']",['1078.00'],['molten摩腾运动旗舰店'],https://item.jd.com/43944854760.html
"['李宁', '室外室内吸湿PU成人比赛用球青少年蓝球 7号 蓝紫(吸湿软手感)']",['149.00'],['倍安贝户外专营店'],https://item.jd.com/10022212268167.html
"['\t\n李宁（LI-NING）', '成人儿童室内外比赛水泥地中小学生耐磨PU材质中考联赛专用青少年训练7号蓝球']",['119.00'],['李宁体育用品京东自营专区'],https://item.jd.com/100034429332.html
"['斯伯丁（SPALDING）比赛', '炫酷反光球室内7号PU材质', ' 76-911Y']",['234.00'],['SPALDING斯伯丁京东自营专区'],https://item.jd.com/100009641535.html
"['斯伯丁', '街头系列PU材质室内外通用成人7号蓝球比赛用球 74-414']",['132.00'],['准者运动专营店'],https://item.jd.com/1364084067.html
"['WITESS室外水泥地耐磨真皮手感软皮7号成人5号儿童学生翻毛', '儿童室内用球 7号棕色加厚翻毛软皮【送气筒 针网 球包】']",['78.00'],['WITESS旗舰店'],https://item.jd.com/10077354526.html
"['\t\n匹克PEAK比赛', '室内外7号PU材质 DQ112702深紫']",['116.00'],['匹克运动京东自营旗舰店'],https://item.jd.com/100032420112.html
"['\t\n克洛斯威', '室外7号耐磨吸湿PU皮成人青少年男女儿童室内蓝球比赛街头软手感 604Y-PU/7号球灰棕色']",['69.90'],['克洛斯威三夫专卖店'],https://item.jd.com/10030664462006.html
"['军哥', 'OVERHABIT 耐磨太极八卦', '黄宇军室内外标准成人7号球 网红同款习惯过了头学生蓝球 吸湿太极球']",['143.00'],['黄宇军运动旗舰店'],https://item.jd.com/47329996119.html
"['nike耐克', '礼物礼盒装 2022年春季', '7号球标准款室内外水泥地比赛训练实战款', ' BB9137-625-1/', '+透明礼盒套装 7']",['229.00'],['天马运动专营店'],https://item.jd.com/10027945215655.html
"['nike耐克', '官方新品室内外通用 青少年比赛训练球水泥地实战防滑耐磨成人7号', ' DR5097-526 7号全视之眼']",['139.00'],['康友体育用品专营店'],https://item.jd.com/10043727640347.html
"['\t\n摩腾（MOLTEN） ', '男子7号PU室内比赛球FIBA认证蓝球GG7X礼盒装']",['605.00'],['molten摩腾运动旗舰店'],https://item.jd.com/11254814127.html
"['\t\nTrain火车头 翻毛PU超纤革 室内外通用 标准7号', ' 火车TB7071']",['118.00'],['火车京东自营旗舰店'],https://item.jd.com/3343394.html
"['准者拼色', '7号球防滑耐磨时尚青少年学生比赛训练球室内外 红黄【7号球】']",['85.00'],['准者运动专营店'],https://item.jd.com/69235480550.html
"['\t\n汪汪队儿童', ' 玩具球拍拍球爱恩泽幼儿园充气皮球橡胶球含打气筒3号全彩B301生日礼物礼品']",['57.80'],['爱恩泽京东自营旗舰店'],https://item.jd.com/7475781.html
"['准者', 'PU材质防滑耐磨室内外通用比赛训练蓝球成人儿童小学生皮球水泥地街头男女凖者 Z318420117樱花粉【7号球】']",['83.00'],['准者官方旗舰店'],https://item.jd.com/12139172198.html
"['\t\n匹克（PEAK）室内外通用蓝球成人儿童比赛', ' 黑色 DQ112755 ']",['49.00'],[],https://item.jd.com/100025402138.html
"['安踏', '全明星7号标准球春夏新款比赛实战', 'KT汤普森PU个性涂鸦耐磨室内室外通用球 【全明星系列】19931723R-1 均码']",['159.00'],['安踏配件旗舰店'],https://item.jd.com/10033281149608.html
"['斯伯丁旗舰店SPALDING耐打马卡龙配色室内室外PU', '7号球 联盟系列76-897Y']",['169.00'],['斯伯丁旗舰店'],https://item.jd.com/10037107076707.html
"['\t\n耐克（Nike） 乔丹款', ' 标准7号室内外防滑耐磨', ' BB9137-053']",['219.00'],['Nike耐克京东自营专区'],https://item.jd.com/100012211614.html
"['威尔胜（Wilson）', 'ELEVATE橡胶水泥地耐磨室内室外校园学生训练用球 WTB2601IB07CN-7号球']",['113.00'],['WILSON弘润元吉专卖店'],https://item.jd.com/10021170215656.html
"['NIKE耐克VERSA TACK花瓣', '街球炫彩防滑耐磨7号标准蓝球 BB0639-463']",['189.00'],['耐克体育装备京东自营专区'],https://item.jd.com/100006707375.html
"['摩腾（MOLTEN） ', '7号男室内室外比赛训练耐磨用球FIBA认证蓝球GM7X礼盒装']",['329.00'],['molten摩腾运动旗舰店'],https://item.jd.com/11258294186.html
"['\t\n斯伯丁 SPALDING 比赛', '炫酷反光球室内PU材质7号', ' 76-911Y']",['234.90'],['SPALDING斯伯丁京东自营专区'],https://item.jd.com/100028084576.html
"['威尔胜（Wilson）2021新款NBA系列纪念款PU耐磨室内室外7号训练比赛', ' WTB3400IB07CN-银色']",['289.00'],['WILSON弘润元吉专卖店'],https://item.jd.com/10035237353931.html
"['斯伯丁旗舰店TF-1000传奇系列室内比赛高品质PU', '74-716A 七号(标准球)']",['559.00'],['斯伯丁旗舰店'],https://item.jd.com/35233717298.html
"['UA安德玛', '7号标准球库里室内外男女蓝球比赛专业训练球防滑耐磨', '水泥地 21520110-990科技蓝']",['75.00'],['猎涉运动专营店'],https://item.jd.com/10033085170221.html
"['madecoo马迪克水泥地软皮', '男室外成人青少年耐磨学生7号球翻毛比赛专用lanqiu 台湾吸湿软皮耐磨【7号 炫黑红胎】']",['78.00'],['madecoo旗舰店'],https://item.jd.com/10027153846531.html
"['\t\n李宁（LI-NING）反伍系列吸湿PU室内外耐磨7号', ' LBQK218-1']",['129.00'],['李宁（LI-NING）运动球类京东自营专区'],https://item.jd.com/100012485789.html
"['Wilson', '赛事专业实战', 'NCAA男篮四强赛官方用球室内外通用7号球 WTB1233IB07CN-7号球']",['129.00'],['WILSON威尔胜官方旗舰店'],https://item.jd.com/10035393298416.html
"['\t\n摩腾官方 molten摩腾', '7号FIBA男篮落选赛比赛用球5000 B7G5000【7号男子', '】']",['1078.00'],['molten摩腾运动旗舰店'],https://item.jd.com/43944854760.html
"['李宁', '室外室内吸湿PU成人比赛用球青少年蓝球 7号 蓝紫(吸湿软手感)']",['149.00'],['倍安贝户外专营店'],https://item.jd.com/10022212268167.html
"['\t\n李宁（LI-NING）', '成人儿童室内外比赛水泥地中小学生耐磨PU材质中考联赛专用青少年训练7号蓝球']",['119.00'],['李宁体育用品京东自营专区'],https://item.jd.com/100034429332.html
"['威尔胜（Wilson）', '7号PU材质NBA比赛训练', '成人青少年室内外防滑耐磨蓝球 【NBA经典款7号】+网兜+球袋+气筒+气针']",['159.00'],['威尔胜健依专卖店'],https://item.jd.com/10045827737044.html
"['斯伯丁', '街头系列PU材质室内外通用成人7号蓝球比赛用球 74-414']",['132.00'],['准者运动专营店'],https://item.jd.com/1364084067.html
"['WITESS室外水泥地耐磨真皮手感软皮7号成人5号儿童学生翻毛', '儿童室内用球 7号棕色加厚翻毛软皮【送气筒 针网 球包】']",['78.00'],['WITESS旗舰店'],https://item.jd.com/10077354526.html
"['\t\n匹克PEAK比赛', '室内外7号PU材质 DQ112702深紫']",['116.00'],['匹克运动京东自营旗舰店'],https://item.jd.com/100032420112.html
"['\t\n克洛斯威', '室外7号耐磨吸湿PU皮成人青少年男女儿童室内蓝球比赛街头软手感 604Y-PU/7号球灰棕色']",['69.90'],['克洛斯威三夫专卖店'],https://item.jd.com/10030664462006.html
"['军哥', 'OVERHABIT 耐磨太极八卦', '黄宇军室内外标准成人7号球 网红同款习惯过了头学生蓝球 吸湿太极球']",['143.00'],['黄宇军运动旗舰店'],https://item.jd.com/47329996119.html
"['NIKE耐克', '7号标准', '室内外通用水泥地街头耐磨', ' 7号 BB0638-855']",['199.00'],['永耀运动专营店'],https://item.jd.com/21780414558.html
"['nike耐克', '官方新品室内外通用 青少年比赛训练球水泥地实战防滑耐磨成人7号', ' DR5097-526 7号全视之眼']",['139.00'],['康友体育用品专营店'],https://item.jd.com/10043727640347.html
"['\t\n摩腾（MOLTEN） ', '男子7号PU室内比赛球FIBA认证蓝球GG7X礼盒装']",['605.00'],['molten摩腾运动旗舰店'],https://item.jd.com/11254814127.html
"['\t\nTrain火车头 翻毛PU超纤革 室内外通用 标准7号', ' 火车TB7071']",['118.00'],['火车京东自营旗舰店'],https://item.jd.com/3343394.html
"['准者拼色', '7号球防滑耐磨时尚青少年学生比赛训练球室内外 红黄【7号球】']",['85.00'],['准者运动专营店'],https://item.jd.com/69235480550.html
"['\t\n汪汪队儿童', ' 玩具球拍拍球爱恩泽幼儿园充气皮球橡胶球含打气筒3号全彩B301生日礼物礼品']",['57.80'],['爱恩泽京东自营旗舰店'],https://item.jd.com/7475781.html
"['ONETWOFIT成人标准', '架子升降高度可调节专业投篮训练', '框篮板户外室外室内家用可移动落地式 青少年款（篮筐高205cm）']",['339.00'],['onetwofit旗舰店'],https://item.jd.com/10033779102919.html
"['\t\n斯伯丁（SPALDING）青少年系列', '薄荷绿儿童室内外', '5号PU', ' 77-404Y5']",['134.00'],['SPALDING斯伯丁京东自营专区'],https://item.jd.com/100032318022.html
"['军哥', 'OVERHABIT 新get粉PU', '黄宇军室内外标准成人7号球 网红同款习惯过了头学生', ' 新get粉 PU']",['126.00'],['黄宇军运动旗舰店'],https://item.jd.com/48088505950.html
"['准者投篮运球训练专用防滑耐磨室内外通用标准7号加重橡胶', ' Z320320172-加重橡胶球1.3KG']",['79.00'],['顶护运动专营店'],https://item.jd.com/10028137442047.html
"['军哥', 'OVERHABIT 吸湿太极黑', '黄宇军室内外标准成人7号球 网红同款习惯过了头学生', ' 吸湿太极黑']",['123.00'],['黄宇军运动旗舰店'],https://item.jd.com/48063608225.html
"['斯伯丁限量版星空', '7号成人联名女生表白男生礼物 77-165Y【7号球】']",['194.00'],['顶迪运动专营店'],https://item.jd.com/61815052831.html
"['李宁( LI-NING)专业', '成人训练比赛室内室外耐磨青少年中学生男女cba联赛 7号PU/精英比赛', 'LBQK917-1']",['215.00'],['李宁（LI-NING）健身京东自营专区'],https://item.jd.com/100034358288.html
['女生专用7号粉色大学生比赛训练耐磨儿童蓝球送男女朋友礼物刻字  泼墨款粉白色（送礼包）'],['78.00'],['东方越体育用品专营店'],https://item.jd.com/10038030970074.html
"['克洛斯威', '耐磨吸湿无缝手感水泥地7号室内外通用学生训练个性炫酷街头蓝球 7号 球4903 黑白色']",['89.00'],['联铂运动户外专营店'],https://item.jd.com/65797982046.html
"['\t\nCBA', ' 中国职业比赛7号球PU', ' 荣耀王者系列室内外用蓝球 CA700']",['339.00'],['CBA京东自营旗舰店'],https://item.jd.com/100008388698.html
"['\t\n斯伯丁（SPALDING）', '空中大灌篮联名款室外耐磨', '送儿童礼物7号橡胶材质', ' 84-582Y ']",['107.00'],['SPALDING斯伯丁京东自营专区'],https://item.jd.com/100025555968.html
"['NBA-Wilson 威尔胜篮网队7号RB', ' 室外通用', ' 腾讯体育 7号']",['119.00'],['腾讯体育官方旗舰店'],https://item.jd.com/10044462814054.html
"['麦德姆6号', '女款青少年学生室内外耐磨一体高弹训练比赛蓝球M-226  迷彩蓝']",['65.00'],['麦德姆京东自营旗舰店'],https://item.jd.com/100031483304.html
"['SANBAING个性炫酷', '比赛用球中学生5号儿童室内外水泥地通用耐磨 7号标准枫叶蓝黑+赠品套装']",['49.00'],['洪岳运动专营店'],https://item.jd.com/10030954421499.html
"['迪士尼皮球儿童', '宝宝拍拍球幼儿园专用球足球玩具球类 3号冰雪II 19079']",['26.10'],['多妙屋旗舰店'],https://item.jd.com/69666655020.html
"['Nike耐克', ' 欧文签名款', '标准7号球成人学生室内室外防滑耐磨花式蓝球训练比赛lanqiu 紫灰色 N100681952607']",['169.00'],['聚为运动专营店'],https://item.jd.com/10537882522.html
"['野球帝虎年定制', '礼盒2022限量礼物七号', '袜子冷帽套装送男友吸湿pu耐磨室内外成人官方蓝球 虎年', '礼盒']",['389.00'],['野球帝旗舰店'],https://item.jd.com/10043317763836.html
"['NBA-Wilson 威尔胜湖人队7号PU', ' 室内外通用', ' 腾讯体育 7号']",['191.00'],['腾讯体育官方旗舰店'],https://item.jd.com/10044459542377.html
"['函翔（HANXIANG）', '架户外可移动家用', '框架投篮架便携式升降儿童蓝球架 青少年款（高度可调2.1-2.6米）']",['498.00'],['函翔官方旗舰店'],https://item.jd.com/48804815748.html
"['斯伯丁旗舰店SPALDING耐打掌控比赛用球室内室外PU', '7号球76-869Y 76-869Y']",['211.00'],['斯伯丁旗舰店'],https://item.jd.com/10026503880314.html
"['威尔胜（Wilson）', '新款吸湿PU校园水泥地耐磨室内室外训练比赛7号', ' WTB6100IB07CN']",['139.00'],['WILSON弘润元吉专卖店'],https://item.jd.com/69652203712.html
"['\t\n摩腾 (molten)牛皮7号', 'B7G5000国际篮联FIBA公认室内比赛训练球']",['915.00'],['摩腾京东自营专区'],https://item.jd.com/100004703034.html
"['JG军哥水泥地PU耐磨室外', '7号标准比赛专用球训练overhabit蓝球 PU精灵球']",['127.00'],['OVERHABIT旗舰店'],https://item.jd.com/10036691935339.html
"['斯伯丁旗舰店SPALDING职业比赛室内室外PU女子', '76-978Y 六号球(女子)']",['203.00'],['斯伯丁旗舰店'],https://item.jd.com/35312716515.html
"['斯伯丁Spalding', '黑金TF传奇7号成人儿童', '比赛PU皮耐磨室内外77-167Y']",['149.00'],['斯伯丁京东自营专区'],https://item.jd.com/100023908168.html
"['\t\n狂迷儿童5号', '中小学生男女通用室内外青少年标准蓝球团购']",['108.00'],['狂迷京东自营旗舰店'],https://item.jd.com/100003909997.html
"['马布里 翻毛软皮', '加厚牛皮真皮手感7号室内外通用蓝球学生女子耐磨反光夜光 紫色-7号球']",['138.00'],['星眸运动专营店'],https://item.jd.com/11289517734.html
"['\t\n威尔胜 Wilson 2021新款NBA系列橡胶室外成人', '7号球 TEAM RUBBER WTB1300IBLALCN']",['129.00'],['威尔胜京东自营旗舰店'],https://item.jd.com/100023226640.html
"['\t\n麦斯卡（Mesuca）迪士尼漫威儿童玩具球 幼儿园小学生训练比赛室内室外5号橡胶', '男孩礼物  VAA19084']",['49.00'],['麦斯卡（Mesuca）运动户外京东自营旗舰店'],https://item.jd.com/100027017436.html
"['\t\nAngelamiao儿童', '幼儿园青少年中小学生男女比赛儿童训练室内外水泥地橡胶耐磨防滑粉色咪凹3号球']",['39.00'],['Angelamiao运动户外京东自营专区'],https://item.jd.com/100033331516.html
"['威尔胜（Wilson）', '7号PU材质NBA比赛训练', '成人青少年室内外防滑耐磨蓝球 【NBA经典款7号】+网兜+球袋+气筒+气针']",['159.00'],['威尔胜健依专卖店'],https://item.jd.com/10045827737044.html
"['\t\n斯伯丁（SPALDING）青少年系列', '薄荷绿儿童室内外', '5号PU', ' 77-404Y5']",['134.00'],['SPALDING斯伯丁京东自营专区'],https://item.jd.com/100032318022.html
"['军哥', 'OVERHABIT 新get粉PU', '黄宇军室内外标准成人7号球 网红同款习惯过了头学生', ' 新get粉 PU']",['126.00'],['黄宇军运动旗舰店'],https://item.jd.com/48088505950.html
"['准者投篮运球训练专用防滑耐磨室内外通用标准7号加重橡胶', ' Z320320172-加重橡胶球1.3KG']",['79.00'],['顶护运动专营店'],https://item.jd.com/10028137442047.html
"['军哥', 'OVERHABIT 吸湿太极黑', '黄宇军室内外标准成人7号球 网红同款习惯过了头学生', ' 吸湿太极黑']",['123.00'],['黄宇军运动旗舰店'],https://item.jd.com/48063608225.html
"['斯伯丁限量版星空', '7号成人联名女生表白男生礼物 77-165Y【7号球】']",['194.00'],['顶迪运动专营店'],https://item.jd.com/61815052831.html
"['NIKE耐克', '7号标准', '室内外通用水泥地街头耐磨', ' 7号 BB0638-855']",['199.00'],['永耀运动专营店'],https://item.jd.com/21780414558.html
['女生专用7号粉色大学生比赛训练耐磨儿童蓝球送男女朋友礼物刻字  泼墨款粉白色（送礼包）'],['78.00'],['东方越体育用品专营店'],https://item.jd.com/10038030970074.html
"['克洛斯威', '耐磨吸湿无缝手感水泥地7号室内外通用学生训练个性炫酷街头蓝球 7号 球4903 黑白色']",['89.00'],['联铂运动户外专营店'],https://item.jd.com/65797982046.html
"['\t\nCBA', ' 中国职业比赛7号球PU', ' 荣耀王者系列室内外用蓝球 CA700']",['339.00'],['CBA京东自营旗舰店'],https://item.jd.com/100008388698.html
"['\t\n斯伯丁（SPALDING）', '空中大灌篮联名款室外耐磨', '送儿童礼物7号橡胶材质', ' 84-582Y ']",['107.00'],['SPALDING斯伯丁京东自营专区'],https://item.jd.com/100025555968.html
"['NBA-Wilson 威尔胜篮网队7号RB', ' 室外通用', ' 腾讯体育 7号']",['119.00'],['腾讯体育官方旗舰店'],https://item.jd.com/10044462814054.html
"['斯伯丁旗舰店SPALDING超纤表皮欧洲联赛室内专用', '77-100Y 7号球（标准）']",['594.00'],['斯伯丁旗舰店'],https://item.jd.com/10044502704392.html
"['SANBAING个性炫酷', '比赛用球中学生5号儿童室内外水泥地通用耐磨 7号标准枫叶蓝黑+赠品套装']",['49.00'],['洪岳运动专营店'],https://item.jd.com/10030954421499.html
"['迪士尼皮球儿童', '宝宝拍拍球幼儿园专用球足球玩具球类 3号冰雪II 19079']",['26.10'],['多妙屋旗舰店'],https://item.jd.com/69666655020.html
"['Nike耐克', ' 欧文签名款', '标准7号球成人学生室内室外防滑耐磨花式蓝球训练比赛lanqiu 紫灰色 N100681952607']",['169.00'],['聚为运动专营店'],https://item.jd.com/10537882522.html
"['野球帝虎年定制', '礼盒2022限量礼物七号', '袜子冷帽套装送男友吸湿pu耐磨室内外成人官方蓝球 虎年', '礼盒']",['389.00'],['野球帝旗舰店'],https://item.jd.com/10043317763836.html
"['NBA-Wilson 威尔胜湖人队7号PU', ' 室内外通用', ' 腾讯体育 7号']",['191.00'],['腾讯体育官方旗舰店'],https://item.jd.com/10044459542377.html
"['nike耐克', '花瓣PU', ' VERSA TACK 官方', '室内外7号球比赛训练街球耐磨防滑舒适', ' 三色拼接/店长力推 7']",['169.00'],['天马运动专营店'],https://item.jd.com/10027577161319.html
"['斯伯丁旗舰店SPALDING耐打掌控比赛用球室内室外PU', '7号球76-869Y 76-869Y']",['211.00'],['斯伯丁旗舰店'],https://item.jd.com/10026503880314.html
"['威尔胜（Wilson）', '新款吸湿PU校园水泥地耐磨室内室外训练比赛7号', ' WTB6100IB07CN']",['139.00'],['WILSON弘润元吉专卖店'],https://item.jd.com/69652203712.html
"['\t\n摩腾 (molten)牛皮7号', 'B7G5000国际篮联FIBA公认室内比赛训练球']",['915.00'],['摩腾京东自营专区'],https://item.jd.com/100004703034.html
"['JG军哥水泥地PU耐磨室外', '7号标准比赛专用球训练overhabit蓝球 PU精灵球']",['127.00'],['OVERHABIT旗舰店'],https://item.jd.com/10036691935339.html
"['斯伯丁旗舰店SPALDING职业比赛室内室外PU女子', '76-978Y 六号球(女子)']",['203.00'],['斯伯丁旗舰店'],https://item.jd.com/35312716515.html
"['nike耐克', '礼物礼盒装 2022年春季', '7号球标准款室内外水泥地比赛训练实战款', ' BB9137-625-1/', '+透明礼盒套装 7']",['229.00'],['天马运动专营店'],https://item.jd.com/10027945215655.html
"['\t\n狂迷儿童5号', '中小学生男女通用室内外青少年标准蓝球团购']",['108.00'],['狂迷京东自营旗舰店'],https://item.jd.com/100003909997.html
"['马布里 翻毛软皮', '加厚牛皮真皮手感7号室内外通用蓝球学生女子耐磨反光夜光 紫色-7号球']",['138.00'],['星眸运动专营店'],https://item.jd.com/11289517734.html
"['\t\n威尔胜 Wilson 2021新款NBA系列橡胶室外成人', '7号球 TEAM RUBBER WTB1300IBLALCN']",['129.00'],['威尔胜京东自营旗舰店'],https://item.jd.com/100023226640.html
"['\t\n麦斯卡（Mesuca）迪士尼漫威儿童玩具球 幼儿园小学生训练比赛室内室外5号橡胶', '男孩礼物  VAA19084']",['49.00'],['麦斯卡（Mesuca）运动户外京东自营旗舰店'],https://item.jd.com/100027017436.html
"['\t\nAngelamiao儿童', '幼儿园青少年中小学生男女比赛儿童训练室内外水泥地橡胶耐磨防滑粉色咪凹3号球']",['39.00'],['Angelamiao运动户外京东自营专区'],https://item.jd.com/100033331516.html
"['斯伯丁Spalding', '黑金TF传奇7号成人儿童', '比赛PU皮耐磨室内外77-167Y']",['149.00'],['斯伯丁京东自营专区'],https://item.jd.com/100023908168.html
"['\t\n斯伯丁(SPALDING)经典街头', '飓风来袭21年新款/原414升级款7号PU蓝球76-884Y']",['118.00'],['斯伯丁京东自营专区'],https://item.jd.com/100018102016.html
"['李宁', '翻毛软皮吸湿防滑耐磨7号成人男女青少年比赛训练室内外通用 7号 翻毛皮', '461-2']",['99.00'],['动之美体育专营店'],https://item.jd.com/11656691925.html
"['斯伯丁Spalding', '青少年儿童', '中小学生室内外用蓝球 斯伯丁涂鸦84-611/84-234Y', '7号球']",['79.00'],['乐士专营店'],https://item.jd.com/70876902213.html
"['狂迷奶茶七号', '成人标准防尘耐磨儿童青少年小学生内外场通用PU手感生日礼物可定制 珍珠奶茶', '（7号标准用球）']",['138.00'],['狂迷kuangmi运动旗舰店'],https://item.jd.com/10033701949764.html
"['\t\nTrain 火车头 彩色 之乎者也 5号儿童', 'PU革 青少年', ' 室内外通用 ']",['76.00'],['火车京东自营旗舰店'],https://item.jd.com/100029749378.html
"['红双喜DHS', '7号炫酷星空蓝男孩女孩初中生儿童耐磨吸湿加厚PU室内外通用蓝球 E-FB7-62JA']",['107.00'],['红双喜（DHS）球类京东自营专卖店'],https://item.jd.com/100013963535.html
"['UA安德玛', '库里', '7号', '巴尔的摩地图款室内室外耐磨', '定制学生', ' 21520110-990 7号满印款']",['75.00'],['聚为运动专营店'],https://item.jd.com/10033128499810.html
"['\t\n安德玛（Under Armour）UA比赛', ' 10周年比赛', '经典室内外', '成人7号PU蓝球耐磨']",['195.00'],['安德玛（UNDERARMOUR）体育用品京东自营专区'],https://item.jd.com/100024674516.html
"['李宁儿童', '7号5号小学生七号五号初中生男女生训练蓝球 7号 黑金 橡胶']",['65.00'],['李宁旺昂专卖店'],https://item.jd.com/10041000121795.html
"['\t\n麦德姆6号球女子', '青少年室内外耐磨一体高弹训练比赛蓝球M-136 【6号/耐磨PU】 女子球训练比赛款']",['65.00'],['麦德姆京东自营旗舰店'],https://item.jd.com/100014616923.html
"['OVERHEART 军哥', ' 官方店铺七号精灵球送女生专用涂鸦 雨过天青']",['128.00'],['快越体育用品专营店'],https://item.jd.com/10031921288447.html
"['斯伯丁（SPALDING）比赛', '炫酷反光球室内7号PU材质', ' 76-911Y']",['234.00'],['SPALDING斯伯丁京东自营专区'],https://item.jd.com/100009641535.html
"['安格耐特（Agnite）7号', ' 室内外通用 学生成人训练比赛专用防滑耐磨比赛用球蓝球 拼色橡胶']",['25.90'],['得力迅购专卖店'],https://item.jd.com/10027957068423.html
"['\nAngelamiao儿童', '3号球18cm玩具球幼儿园小学专用训练皮球橡胶', '宝宝拍拍球送打气筒球网球针 超级飞侠']",['39.00'],['Angelamiao京东自营旗舰店'],https://item.jd.com/100023389842.html
"['\t\n麦斯卡（Mesuca）迪士尼冰雪奇缘儿童玩具球 幼儿园小学生训练比赛室内室外5号橡胶', '女孩礼物  DAA20189-Q']",['49.00'],['麦斯卡（Mesuca）运动户外京东自营旗舰店'],https://item.jd.com/100027067984.html
"['\t\n威尔胜 Wilson 2021新NBA75周年限定系列成人', '7号球    WZ2006901CN7']",['239.00'],['威尔胜京东自营旗舰店'],https://item.jd.com/100015294929.html
"['耐克（NIKE）PU7号球 耐磨室内室外学生运动会花球比赛欧文耐磨防滑训练标准蓝球男城市系列标准', ' （清）黑白N0001164055 7号标准球']",['149.00'],['耐克威聚专卖店'],https://item.jd.com/39252719231.html
"['迈体（maiti）', '架户外标准移动式升降室内室外', '架子 埋地', '架（圆管小号）【1个】']",['1980.00'],['迈体运动官方旗舰店'],https://item.jd.com/10030563893453.html
"['SITAKE ', '室内外水泥地耐磨超纤真皮手感中小学生成人7号比赛蓝球DIY刻字qianm颗粒纹加厚 黑蓝色 扣蓝王']",['89.00'],['盛凡体育用品专营店'],https://item.jd.com/46265121552.html
"['小马宝莉儿童', '耐磨橡胶水泥地幼儿园小学生校园室内室外用球 WB201C5紫悦-5号球']",['39.00'],['小马宝莉弘润元吉专卖店'],https://item.jd.com/37728263311.html
"['\t\n威尔胜（Wilson）', 'NBA全队徽经典红蓝白橡胶WTB1301IBNBA7CN']",['126.00'],['威尔胜（Wilson）京东自营专区'],https://item.jd.com/100012300929.html
"['\t\nTrain火车头 5号儿童', 'PU 室内外通用 青少年', ' 火车STS-K501']",['79.00'],['火车京东自营旗舰店'],https://item.jd.com/5989639.html
"['李宁', '室外室内通用成人青少年蓝球比赛训练波洛克街头', ' 7号 原野(通用标准)']",['116.00'],['倍安贝户外专营店'],https://item.jd.com/10028120035634.html
"['鸿克（HONGKE）', '软皮质感室内外水泥地耐磨标准7号比赛蓝球 加厚翻毛8126金标（送全套礼品）']",['148.00'],['鸿克旗舰店'],https://item.jd.com/28290701747.html
"['\t\n耐克（Nike）室外日常活动训练耐磨PU蓝球 标准7号', ' 2022峡谷紫橡胶', '  DR5097-526']",['139.00'],['Nike耐克京东自营专区'],https://item.jd.com/100032253642.html
"['耐克NIKE儿童小学生幼儿园通用3号球小球', '橡胶室内外耐磨水泥地lanqiu 3号儿童球粉色N000128565503']",['149.00'],['威寰运动户外专营店'],https://item.jd.com/42890970243.html
"['麦德姆', '耐磨吸湿彩印PU室外7号成人儿童室内蓝球比赛训练街头礼物蓝球M-205 【7号标准】国风印象-泼墨']",['106.00'],['麦德姆京东自营旗舰店'],https://item.jd.com/100014617015.html
"['ANLODA新款湖人黑曼巴KB7号', '限量签名软皮耐磨室内外学生成人训练比赛实战标准蓝球手环礼物礼盒   7号黑金黑曼巴科比']",['118.00'],['安骆达官方旗舰店'],https://item.jd.com/10044090200255.html
"['乔丹官方旗舰', '学生比赛训练用球耐磨室外7号球', ' 黑棕']",['109.01'],['乔丹运动旗舰店'],https://item.jd.com/60031415557.html
"['准者', '室外水泥地防滑耐磨比赛训练专用中学生7号成人大学生PU比赛用球 Z321320027黑紫']",['89.00'],['准者官方旗舰店'],https://item.jd.com/10039738623754.html
"['\t\n斯伯丁(SPALDING)经典街头', '飓风来袭21年新款/原414升级款7号PU蓝球76-884Y']",['118.00'],['斯伯丁京东自营专区'],https://item.jd.com/100018102016.html
"['李宁', '翻毛软皮吸湿防滑耐磨7号成人男女青少年比赛训练室内外通用 7号 翻毛皮', '461-2']",['99.00'],['动之美体育专营店'],https://item.jd.com/11656691925.html
"['斯伯丁Spalding', '青少年儿童', '中小学生室内外用蓝球 斯伯丁涂鸦84-611/84-234Y', '7号球']",['79.00'],['乐士专营店'],https://item.jd.com/70876902213.html
"['狂迷奶茶七号', '成人标准防尘耐磨儿童青少年小学生内外场通用PU手感生日礼物可定制 珍珠奶茶', '（7号标准用球）']",['138.00'],['狂迷kuangmi运动旗舰店'],https://item.jd.com/10033701949764.html
"['\t\nTrain 火车头 彩色 之乎者也 5号儿童', 'PU革 青少年', ' 室内外通用 ']",['76.00'],['火车京东自营旗舰店'],https://item.jd.com/100029749378.html
"['克洛斯威', '室外7号耐磨吸湿PU皮成人青少年男女儿童室内蓝球比赛街头软手感 604Y-PU/7号球灰棕色']",['69.90'],['克洛斯威三夫专卖店'],https://item.jd.com/10030664462006.html
"['UA安德玛', '库里', '7号', '巴尔的摩地图款室内室外耐磨', '定制学生', ' 21520110-990 7号满印款']",['75.00'],['聚为运动专营店'],https://item.jd.com/10033128499810.html
"['\t\n安德玛（Under Armour）UA比赛', ' 10周年比赛', '经典室内外', '成人7号PU蓝球耐磨']",['195.00'],['安德玛（UNDERARMOUR）体育用品京东自营专区'],https://item.jd.com/100024674516.html
"['李宁儿童', '7号5号小学生七号五号初中生男女生训练蓝球 7号 黑金 橡胶']",['65.00'],['李宁旺昂专卖店'],https://item.jd.com/10041000121795.html
"['\t\n麦德姆6号球女子', '青少年室内外耐磨一体高弹训练比赛蓝球M-136 【6号/耐磨PU】 女子球训练比赛款']",['65.00'],['麦德姆京东自营旗舰店'],https://item.jd.com/100014616923.html
"['OVERHEART 军哥', ' 官方店铺七号精灵球送女生专用涂鸦 雨过天青']",['128.00'],['快越体育用品专营店'],https://item.jd.com/10031921288447.html
"['【现货直发】安踏AllStar全明星款街头', '汤普森KT静迷彩运动专业7号竞赛生日礼物官方旗舰 【全明星专场】AllStar全明星 7号']",['159.00'],['安踏跑步旗舰店'],https://item.jd.com/50697545317.html
"['\t\n红双喜DHS', '7号炫酷星空蓝男孩女孩初中生儿童耐磨吸湿加厚PU室内外通用蓝球 E-FB7-62JA']",['107.00'],['红双喜（DHS）球类京东自营专卖店'],https://item.jd.com/100013963535.html
"['安格耐特（Agnite）7号', ' 室内外通用 学生成人训练比赛专用防滑耐磨比赛用球蓝球 拼色橡胶']",['25.90'],['得力迅购专卖店'],https://item.jd.com/10027957068423.html
"['\nAngelamiao儿童', '3号球18cm玩具球幼儿园小学专用训练皮球橡胶', '宝宝拍拍球送打气筒球网球针 超级飞侠']",['39.00'],['Angelamiao京东自营旗舰店'],https://item.jd.com/100023389842.html
"['\t\n麦斯卡（Mesuca）迪士尼冰雪奇缘儿童玩具球 幼儿园小学生训练比赛室内室外5号橡胶', '女孩礼物  DAA20189-Q']",['49.00'],['麦斯卡（Mesuca）运动户外京东自营旗舰店'],https://item.jd.com/100027067984.html
"['\t\n威尔胜 Wilson 2021新NBA75周年限定系列成人', '7号球    WZ2006901CN7']",['239.00'],['威尔胜京东自营旗舰店'],https://item.jd.com/100015294929.html
"['准者', '防滑耐磨标准7号学生比赛训练pu室内室外通用', ' Z318420117(粉色)']",['73.00'],['顶护运动专营店'],https://item.jd.com/51046530335.html
"['耐克（NIKE）PU7号球 耐磨室内室外学生运动会花球比赛欧文耐磨防滑训练标准蓝球男城市系列标准', ' （清）黑白N0001164055 7号标准球']",['149.00'],['耐克威聚专卖店'],https://item.jd.com/39252719231.html
"['SITAKE ', '室内外水泥地耐磨超纤真皮手感中小学生成人7号比赛蓝球DIY刻字qianm颗粒纹加厚 黑蓝色 扣蓝王']",['89.00'],['盛凡体育用品专营店'],https://item.jd.com/46265121552.html
"['小马宝莉儿童', '耐磨橡胶水泥地幼儿园小学生校园室内室外用球 WB201C5紫悦-5号球']",['39.00'],['小马宝莉弘润元吉专卖店'],https://item.jd.com/37728263311.html
"['\t\n威尔胜（Wilson）', 'NBA全队徽经典红蓝白橡胶WTB1301IBNBA7CN']",['126.00'],['威尔胜（Wilson）京东自营专区'],https://item.jd.com/100012300929.html
"['\t\nTrain火车头 5号儿童', 'PU 室内外通用 青少年', ' 火车STS-K501']",['79.00'],['火车京东自营旗舰店'],https://item.jd.com/5989639.html
"['智特优 儿童', ' 幼儿园小学生入门训练儿童', '小孩拍拍球橡胶小皮球4号球街头', ' ', ' 4号：红蓝白+打气筒球针网兜']",['39.00'],['智特优运动旗舰店'],https://item.jd.com/33116750816.html
"['李宁', '室外室内通用成人青少年蓝球比赛训练波洛克街头', ' 7号 原野(通用标准)']",['116.00'],['倍安贝户外专营店'],https://item.jd.com/10028120035634.html
"['\t\n耐克（Nike）室外日常活动训练耐磨PU蓝球 标准7号', ' 2022峡谷紫橡胶', '  DR5097-526']",['139.00'],['Nike耐克京东自营专区'],https://item.jd.com/100032253642.html
"['耐克NIKE儿童小学生幼儿园通用3号球小球', '橡胶室内外耐磨水泥地lanqiu 3号儿童球粉色N000128565503']",['149.00'],['威寰运动户外专营店'],https://item.jd.com/42890970243.html
"['麦德姆', '耐磨吸湿彩印PU室外7号成人儿童室内蓝球比赛训练街头礼物蓝球M-205 【7号标准】国风印象-泼墨']",['106.00'],['麦德姆京东自营旗舰店'],https://item.jd.com/100014617015.html
"['ANLODA新款湖人黑曼巴KB7号', '限量签名软皮耐磨室内外学生成人训练比赛实战标准蓝球手环礼物礼盒   7号黑金黑曼巴科比']",['118.00'],['安骆达官方旗舰店'],https://item.jd.com/10044090200255.html
"['耐克(NIKE)', '中小学生训练比赛室内外通用 防滑耐磨橡胶 5号青少年', ' N100437191305/DO8261-913']",['125.00'],['耐克体育装备京东自营专区'],https://item.jd.com/100031966360.html
"['\t\nTrain 火车头 勇敢者 室外', ' 耐磨PU革 七号标准', ' 室内室外通用 ']",['106.00'],['火车京东自营旗舰店'],https://item.jd.com/100016404651.html
"['狂迷草莓儿童', '幼儿园青少年小学生训练好手感团购定制刻字蓝球 草莓粉 标准5号', '（全套大礼包）']",['109.00'],['狂迷kuangmi运动旗舰店'],https://item.jd.com/10044226628757.html
"['克洛斯威7号标准', '室外水泥地耐磨翻毛牛皮手感室内训练比赛专用 7号 翻毛皮-1028黑色']",['45.00'],['联铂运动户外专营店'],https://item.jd.com/10026581685824.html
"['红双喜', ' 儿童小学生室内外耐磨耐打水泥地青少年比赛蓝球橡胶', ' 经典款5号', '【适合5-8岁儿童 】+气筒气针网兜']",['37.00'],['红双喜全速专卖店'],https://item.jd.com/16551048977.html
"['\t\n变形金刚新款', '创意时尚校园学生吸湿PU室内室外水泥地耐磨儿童训练比赛用球GTF023P5']",['89.00'],['青少年篮球京东自营专区'],https://item.jd.com/100008520344.html
"['威尔胜(Wilson)NBA训练比赛用球室内室外竞赛耐磨PU 7号', ' WTB8200IB07CN']",['149.00'],['威尔胜（Wilson）京东自营专卖店'],https://item.jd.com/100012287317.html
"['克洛斯威儿童小学生幼儿园宝宝专用', '5号训练皮球 3056棕红色-5号球']",['29.90'],['克洛斯威迈泊乐专卖店'],https://item.jd.com/10023038105735.html
"['准者', '7号水泥地训练比赛儿童', ' Z321230068阿尔卑斯-黑灰']",['49.00'],['顶迪运动专营店'],https://item.jd.com/10038584661349.html
"['健伦 【送货上门】', '架 成人标准户外 移动', '架 梯式凹箱', '架(加重加粗)']",['2550.00'],['健伦运动官方旗舰店'],https://item.jd.com/15780560568.html
"['OVERHEART', '签名黑曼巴7号真皮质感比赛专用耐磨蓝球牛皮真皮球手感 翻毛紫黄 科比', '七号 含打气配件']",['128.00'],['百动运动户外专营店'],https://item.jd.com/10044655604695.html
"['\t\n狂迷柯基', '儿童青少年小学生室内外高颜值可爱生日蓝球']",['133.00'],['狂迷京东自营旗舰店'],https://item.jd.com/100029990360.html
"['李宁', '7号室内室外翻毛软皮水泥地七号成人青少年中学生蓝球耐磨训练男球体育用品 185【七号翻毛皮】']",['109.00'],['兆本运动户外专营店'],https://item.jd.com/30509700397.html
"['斯伯丁', '74-570牛皮质感室外7号水泥地耐磨lanqiu蓝球刻字 斯伯丁74-570Y【全套赠品】']",['499.00'],['旭动天诚运动专营店'],https://item.jd.com/26294145960.html
"['\t\n李宁（LI-NING）彩虹', '青少年中小学训练室外儿童5号橡胶材质蓝球 LBQK655-1']",['80.00'],['李宁（LINING）球类京东自营专卖店'],https://item.jd.com/100017479078.html
"['\t\n斯伯丁SPALDING经典炫彩配色易抓握', '室内外通用7号红白黑76-929Y']",['144.00'],['斯伯丁京东自营专卖店'],https://item.jd.com/100017673840.html
"['molten摩腾', '真皮质感室内外耐磨学生国家队', 'GD系列 GD7X-C国家队款【7号】送赠品']",['208.00'],['molten摩腾运动旗舰店'],https://item.jd.com/12880757789.html
"['准者', '7号真皮手感耐磨防滑室内外青少年蓝球 Z319120103']",['83.00'],['顶护运动专营店'],https://item.jd.com/53643387583.html
"['斯伯丁 SPALDING 比赛', '炫酷反光球室内PU材质7号', ' 76-911Y']",['234.90'],['SPALDING斯伯丁京东自营专区'],https://item.jd.com/100028084576.html
"['军哥', 'OVERHABIT 一号儿童', '小号迷你礼品球黄宇军网红同款习惯过了头学生训练', ' 一号精灵球']",['66.00'],['黄宇军运动旗舰店'],https://item.jd.com/50100563481.html
"['萨达', '标准7号球PU防滑吸湿耐磨青少年学生训练', '室内外水泥地比赛蓝球翻毛皮酷炫耐打潮流街头', ' 7号吸湿PU球-星空']",['89.00'],['萨达洛杉专卖店'],https://item.jd.com/10021357449629.html
"['\t\n智特优 儿童', ' 5号幼儿园小学生入门训练儿童', '小孩拍拍球橡胶街头室内室外', ' 5号', ' 儿童']",['42.00'],['智特优运动旗舰店'],https://item.jd.com/10025778968561.html
"['molten摩腾', '水泥地室内室外耐磨防滑比赛训练儿童蓝球魔腾 7号【标准】EZ7X']",['75.00'],['华冠运动专营店'],https://item.jd.com/25524638305.html
"['萨达', '室外水泥地防滑耐磨成人男女士青少年学生儿童幼儿园粉色比赛训练中考考试用球 抖音黑色礼盒+715泼墨印花款-灰黑色-标准7号球']",['128.00'],['文正炜运动专营店'],https://item.jd.com/10027755113264.html
"['架挂壁', '框室外', '框架', '筐标准', '框架挂式免打孔户外挂壁儿童家用室内投篮板成人5号7号球定制 特大号【39cm铁框+球+气筒+挂钩】可投7号球']",['150.40'],['强圣旗舰店'],https://item.jd.com/10034133990630.html
"['准者新款', '标准7号球PU波点', '室内外水泥地耐磨街头', ' Z319120118黑/白(7号球)']",['76.00'],['准者子弹专卖店'],https://item.jd.com/10020494079467.html
"['JG军哥OVERHABIT网红室内外耐磨防滑精灵球蓝球真皮手感七号个性标准', ' 3JG防尘精灵球']",['153.00'],['黄宇军运动旗舰店'],https://item.jd.com/10029597937323.html
"['萨达反光', '夜光荧光发光情人节礼盒装7号限量版刻字儿童蓝球 网红反光', '-升级星空白']",['139.00'],['萨达万心专卖店'],https://item.jd.com/10030012249461.html
"['\t\n匹克PEAK比赛', '室内外7号PU材质 I CAN PLAY DQ102705']",['79.00'],['匹克运动京东自营旗舰店'],https://item.jd.com/100018187379.html
"['安格耐特（Agnite）7号标准PVC防滑比赛训练', ' 室内外通用 7号', ' F1105A']",['44.00'],['文博汇办公用品专营店'],https://item.jd.com/50325478461.html
"['斯伯丁儿童', '皮卡丘联名款青少年系列初学锻炼室外耐磨橡胶小学生5号蓝球 皮卡丘联名款84-580Y【儿童', '】']",['119.00'],['斯伯丁天元专卖店'],https://item.jd.com/10035175024159.html
"['\t\nTrain 火车头 勇敢者 室外', ' 耐磨PU革 七号标准', ' 室内室外通用 ']",['106.00'],['火车京东自营旗舰店'],https://item.jd.com/100016404651.html
"['狂迷草莓儿童', '幼儿园青少年小学生训练好手感团购定制刻字蓝球 草莓粉 标准5号', '（全套大礼包）']",['109.00'],['狂迷kuangmi运动旗舰店'],https://item.jd.com/10044226628757.html
"['克洛斯威7号标准', '室外水泥地耐磨翻毛牛皮手感室内训练比赛专用 7号 翻毛皮-1028黑色']",['45.00'],['联铂运动户外专营店'],https://item.jd.com/10026581685824.html
"['红双喜', ' 儿童小学生室内外耐磨耐打水泥地青少年比赛蓝球橡胶', ' 经典款5号', '【适合5-8岁儿童 】+气筒气针网兜']",['37.00'],['红双喜全速专卖店'],https://item.jd.com/16551048977.html
"['\t\n变形金刚新款', '创意时尚校园学生吸湿PU室内室外水泥地耐磨儿童训练比赛用球GTF023P5']",['89.00'],['青少年篮球京东自营专区'],https://item.jd.com/100008520344.html
"['M足球收纳架 幼稚园', '架 移动球车 体育学校置球架', '瑜伽球架 黑色']",['527.00'],['嗯哼匠体育用品旗舰店'],https://item.jd.com/10036643431422.html
"['克洛斯威儿童小学生幼儿园宝宝专用', '5号训练皮球 3056棕红色-5号球']",['29.90'],['克洛斯威迈泊乐专卖店'],https://item.jd.com/10023038105735.html
"['准者', '7号水泥地训练比赛儿童', ' Z321230068阿尔卑斯-黑灰']",['49.00'],['顶迪运动专营店'],https://item.jd.com/10038584661349.html
"['健伦 【送货上门】', '架 成人标准户外 移动', '架 梯式凹箱', '架(加重加粗)']",['2550.00'],['健伦运动官方旗舰店'],https://item.jd.com/15780560568.html
"['OVERHEART', '签名黑曼巴7号真皮质感比赛专用耐磨蓝球牛皮真皮球手感 翻毛紫黄 科比', '七号 含打气配件']",['128.00'],['百动运动户外专营店'],https://item.jd.com/10044655604695.html
"['\t\n狂迷柯基', '儿童青少年小学生室内外高颜值可爱生日蓝球']",['133.00'],['狂迷京东自营旗舰店'],https://item.jd.com/100029990360.html
"['准者', '室外水泥地防滑耐磨比赛训练专用中学生7号成人大学生PU比赛用球 Z321320027黑紫']",['89.00'],['准者官方旗舰店'],https://item.jd.com/10039738623754.html
"['斯伯丁', '74-570牛皮质感室外7号水泥地耐磨lanqiu蓝球刻字 斯伯丁74-570Y【全套赠品】']",['499.00'],['旭动天诚运动专营店'],https://item.jd.com/26294145960.html
"['\t\n李宁（LI-NING）彩虹', '青少年中小学训练室外儿童5号橡胶材质蓝球 LBQK655-1']",['80.00'],['李宁（LINING）球类京东自营专卖店'],https://item.jd.com/100017479078.html
"['\t\n斯伯丁SPALDING经典炫彩配色易抓握', '室内外通用7号红白黑76-929Y']",['144.00'],['斯伯丁京东自营专卖店'],https://item.jd.com/100017673840.html
"['molten摩腾', '真皮质感室内外耐磨学生国家队', 'GD系列 GD7X-C国家队款【7号】送赠品']",['208.00'],['molten摩腾运动旗舰店'],https://item.jd.com/12880757789.html
"['准者', '7号真皮手感耐磨防滑室内外青少年蓝球 Z319120103']",['83.00'],['顶护运动专营店'],https://item.jd.com/53643387583.html
"['函翔 【送货上门】 ', '架成人户外标准加厚篮筐挂', '投篮架子移动蓝球架 黑色升降式', '架(带轮子和护套)']",['2199.00'],['函翔官方旗舰店'],https://item.jd.com/10044128257096.html
"['军哥', 'OVERHABIT 一号儿童', '小号迷你礼品球黄宇军网红同款习惯过了头学生训练', ' 一号精灵球']",['66.00'],['黄宇军运动旗舰店'],https://item.jd.com/50100563481.html
"['萨达', '标准7号球PU防滑吸湿耐磨青少年学生训练', '室内外水泥地比赛蓝球翻毛皮酷炫耐打潮流街头', ' 7号吸湿PU球-星空']",['89.00'],['萨达洛杉专卖店'],https://item.jd.com/10021357449629.html
"['\t\n智特优 儿童', ' 5号幼儿园小学生入门训练儿童', '小孩拍拍球橡胶街头室内室外', ' 5号', ' 儿童']",['42.00'],['智特优运动旗舰店'],https://item.jd.com/10025778968561.html
"['molten摩腾', '水泥地室内室外耐磨防滑比赛训练儿童蓝球魔腾 7号【标准】EZ7X']",['75.00'],['华冠运动专营店'],https://item.jd.com/25524638305.html
"['萨达', '室外水泥地防滑耐磨成人男女士青少年学生儿童幼儿园粉色比赛训练中考考试用球 抖音黑色礼盒+715泼墨印花款-灰黑色-标准7号球']",['128.00'],['文正炜运动专营店'],https://item.jd.com/10027755113264.html
"['鸿克 7号', '真皮质感室内室外水泥地耐磨软皮标准比赛蓝球 865B']",['128.00'],['鸿克旗舰店'],https://item.jd.com/70004936240.html
"['准者新款', '标准7号球PU波点', '室内外水泥地耐磨街头', ' Z319120118黑/白(7号球)']",['76.00'],['准者子弹专卖店'],https://item.jd.com/10020494079467.html
"['JG军哥OVERHABIT网红室内外耐磨防滑精灵球蓝球真皮手感七号个性标准', ' 3JG防尘精灵球']",['153.00'],['黄宇军运动旗舰店'],https://item.jd.com/10029597937323.html
"['萨达反光', '夜光荧光发光情人节礼盒装7号限量版刻字儿童蓝球 网红反光', '-升级星空白']",['139.00'],['萨达万心专卖店'],https://item.jd.com/10030012249461.html
"['\t\n匹克PEAK比赛', '室内外7号PU材质 I CAN PLAY DQ102705']",['79.00'],['匹克运动京东自营旗舰店'],https://item.jd.com/100018187379.html
"['安格耐特（Agnite）7号标准PVC防滑比赛训练', ' 室内外通用 7号', ' F1105A']",['44.00'],['文博汇办公用品专营店'],https://item.jd.com/50325478461.html
"['维动', '7号实战蓝球比赛男女生专用耐磨训练室内外加重蓝球  专业赛级7号球【鸳鸯款-黑白色】气筒+球针+球网']",['64.00'],['维动旗舰店'],https://item.jd.com/70878547579.html
"['\t\n安德玛（Under Armour）7号', 'PU耐磨防滑材质室内室外儿童通用成人比赛训练']",['219.00'],['安德玛（UNDERARMOUR）体育用品京东自营专区'],https://item.jd.com/100025783252.html
"['威尔胜(Wilson)新款校园传奇MVP', 'PU吸湿水泥地耐磨室内室外训练比赛7号', ' WB645MF']",['189.00'],['WILSON弘润元吉专卖店'],https://item.jd.com/28880205198.html
"['军哥', 'OVERHEART室外内七号水泥地街头花式蓝球儿童成人7号标准比赛防滑耐磨官网店 PU红蓝白']",['95.00'],['快越体育用品专营店'],https://item.jd.com/56123653532.html
"['\t\n智特优 儿童', ' 幼儿园小学生入门训练儿童', '小孩拍拍球橡胶小皮球4号球街头', ' ', ' 4号：红蓝白+打气筒球针网兜']",['39.00'],['智特优运动旗舰店'],https://item.jd.com/33116750816.html
"['萨达', '星空限量版水泥地耐磨室内外成人用球学生青少年女生专用蓝球军七夕哥网红男表白情人节礼物 街头炫酷星空限量版7号']",['88.00'],['萨达翌正宇专卖店'],https://item.jd.com/10029089215354.html
"['架户外成人', '框便携式青少年可移动升降室内外可扣篮投篮标准家用篮筐蓝球架子驯良鸽 ', '青少年2（篮筐调节1.5-2.1米）+赠品']",['269.00'],['尚洛运动专营店'],https://item.jd.com/10025025390722.html
"['萨达儿童', '初高中学生女子6号球水彩', '室内室外水泥地比赛训练专用', '7号PU皮青少年', ' 萨达-泼墨款-粉白色-标准7号球 一个']",['78.00'],['萨达运动户外旗舰店'],https://item.jd.com/10036147416684.html
"['斯伯丁', '比赛用球SPALDING室外室内训练成人初中学生蓝球 TF红白蓝（7号/PU）']",['165.00'],['倍安贝运动专营店'],https://item.jd.com/10033938027048.html
"['克洛斯威(CROSSWAY) 训练', '7号标准PU', '男女款防滑吸湿', '耐磨比赛七号球4903 正黑色L4903(吸湿款)（5号球） 标准']",['89.00'],['克洛斯威冠登专卖店'],https://item.jd.com/10043263080312.html
"['\t\n雷朗 儿童静音拍拍球宝宝婴儿玩具小皮球男孩女孩弹力足球', '儿童生日礼物18CM']",['31.80'],['雷朗玩具京东自营官方旗舰店'],https://item.jd.com/100013689801.html
"['李宁LI-NING ', '7号耐磨PU成人青少年比赛训练球室内外通用 7号', ' 365-1']",['89.00'],['羽域体育运动专营店'],https://item.jd.com/29949050337.html
"['克洛斯威', '耐磨吸湿无缝手感水泥地7号室内外通用学生训练个性炫酷街头蓝球 7号 球4903 黑白色']",['89.00'],['联铂运动户外专营店'],https://item.jd.com/65797982046.html
"['斯伯丁旗舰店SPALDING红白蓝拼色炫彩花球室内室外PU', '76-928Y 七号球(标准)']",['183.00'],['斯伯丁旗舰店'],https://item.jd.com/35312551675.html
"['Spalding斯伯丁', ' 2022新款7号球学生礼物礼盒装标准比赛球训练球防滑', ' 76-911Y/反光', ' 7']",['289.00'],['INTERSPORT官方旗舰店'],https://item.jd.com/10034510901569.html
"['韦伯（webber）儿童', '橡胶', '耐磨幼儿园儿童训练 3号1-3岁幼儿', '红蓝白【送】']",['31.00'],['追远运动户外专营店'],https://item.jd.com/27134100696.html
"['狂迷小蓝联名', '生日礼物定制刻字学生青少年专用蓝球 友谊蓝-标准7号球']",['169.00'],['狂迷旗舰店'],https://item.jd.com/10044068559920.html
"['\t\n耐克(NIKE)', '比赛训练室内外通用防滑耐磨7号PU花瓣ALL COURT 蓝球N100437093307/DO8259-933 黑黄蓝']",['209.00'],['耐克体育装备京东自营专区'],https://item.jd.com/100029866880.html
"['收纳架家用收三层 ', '收纳框  带锁不锈钢移动置球架足球排球纳架幼儿园', '收纳架皮球收纳筐推车定 款式1可放5号球20个 单边四层普通款']",['269.00'],['精平旗舰店'],https://item.jd.com/10040622538301.html
"['李宁', '黑金5号儿童学生水泥地耐磨比赛训练7号成人幼儿园橡胶蓝球lanqiu 5号【黑金】LBQK605-2']",['68.00'],['华冠运动专营店'],https://item.jd.com/10043835440884.html
"['李宁', '翻毛软皮耐磨吸汗防滑7号标准成人男青少年室内外水泥地比赛训练通用 7号 棕色461-2']",['99.00'],['羽域体育运动专营店'],https://item.jd.com/26179517246.html
"['SANBAING', '室外7号耐磨吸湿PU皮成人青少年男女儿童室内外蓝球比赛街头软手感 SANBAING枫叶黑白 打气筒+气针+球包+网兜']",['49.00'],['东方红运动专营店'],https://item.jd.com/10023507961066.html
"['\t\n摩腾molten 4号儿童', ' B4G3360舒适手感PU室内外通用比赛训练']",['141.00'],['摩腾京东自营专区'],https://item.jd.com/100022511250.html
"['LINING李宁', '反伍系列耐磨经典时尚', '成人街头花球耐磨吸湿PU手感柔软 7号 218-2绿色']",['107.90'],['嘉卓耐尔运动专营店'],https://item.jd.com/68902847672.html
"['得力中考训练', 'F1184_6号PU考试', '(橙色)(个)']",['109.00'],['安格耐特京东自营旗舰店'],https://item.jd.com/100031483196.html
"['Spalding斯伯丁5号', 'PU皮水泥地室外室内耐磨儿童小学生青少年用球lanqiu 76-420Y(5号球小学生青少年用)']",['209.00'],['顺领运动专营店'],https://item.jd.com/10021812169053.html
"['斯伯丁旗舰店SPALDING室内外通用7号标准橡胶', '涂鸦系列 84-375Y（黑白）']",['87.00'],['斯伯丁旗舰店'],https://item.jd.com/10029242122708.html
"['红双喜', '7号5号儿童小学生3号幼儿园水泥地室外耐磨蓝球 FB500-8B【5号', '】']",['37.90'],['兆本运动户外专营店'],https://item.jd.com/10030756756945.html
"['李宁（LI-NING）', '女子男子5号6号7号', 'CBA室内外通用', '耐磨成人儿童', 'lanqiu 6号 LBQK027-1']",['84.00'],['华冠运动专营店'],https://item.jd.com/10129016634.html
"['准者室内室外防滑耐磨运动比赛训练专用标准7号翻毛皮', ' Z320320296棕色7号']",['99.00'],['准者运动专营店'],https://item.jd.com/10024578619274.html
"['斯伯丁Spalding', '黑金TF传奇7号成人儿童', '比赛PU皮耐磨室内外77-167Y']",['149.00'],['斯伯丁京东自营专区'],https://item.jd.com/100023908168.html
"['\t\n安德玛（Under Armour）7号', 'PU耐磨防滑材质室内室外儿童通用成人比赛训练']",['219.00'],['安德玛（UNDERARMOUR）体育用品京东自营专区'],https://item.jd.com/100025783252.html
"['威尔胜(Wilson)新款校园传奇MVP', 'PU吸湿水泥地耐磨室内室外训练比赛7号', ' WB645MF']",['189.00'],['WILSON弘润元吉专卖店'],https://item.jd.com/28880205198.html
"['军哥', 'OVERHEART室外内七号水泥地街头花式蓝球儿童成人7号标准比赛防滑耐磨官网店 PU红蓝白']",['95.00'],['快越体育用品专营店'],https://item.jd.com/56123653532.html
"['\t\n智特优 儿童', ' 幼儿园小学生入门训练儿童', '小孩拍拍球橡胶小皮球4号球街头', ' ', ' 4号：红蓝白+打气筒球针网兜']",['39.00'],['智特优运动旗舰店'],https://item.jd.com/33116750816.html
"['萨达', '星空限量版水泥地耐磨室内外成人用球学生青少年女生专用蓝球军七夕哥网红男表白情人节礼物 街头炫酷星空限量版7号']",['88.00'],['萨达翌正宇专卖店'],https://item.jd.com/10029089215354.html
"['篮板 ', '家用大号训练球蓝架室外网铁', '框儿童打孔挂墙挂式球篮 儿童加强空心款']",['52.50'],['精平旗舰店'],https://item.jd.com/10040971421185.html
"['萨达儿童', '初高中学生女子6号球水彩', '室内室外水泥地比赛训练专用', '7号PU皮青少年', ' 萨达-泼墨款-粉白色-标准7号球 一个']",['78.00'],['萨达运动户外旗舰店'],https://item.jd.com/10036147416684.html
"['斯伯丁', '比赛用球SPALDING室外室内训练成人初中学生蓝球 TF红白蓝（7号/PU）']",['165.00'],['倍安贝运动专营店'],https://item.jd.com/10033938027048.html
"['克洛斯威(CROSSWAY) 训练', '7号标准PU', '男女款防滑吸湿', '耐磨比赛七号球4903 正黑色L4903(吸湿款)（5号球） 标准']",['89.00'],['克洛斯威冠登专卖店'],https://item.jd.com/10043263080312.html
"['\t\n雷朗 儿童静音拍拍球宝宝婴儿玩具小皮球男孩女孩弹力足球', '儿童生日礼物18CM']",['31.80'],['雷朗玩具京东自营官方旗舰店'],https://item.jd.com/100013689801.html
"['李宁LI-NING ', '7号耐磨PU成人青少年比赛训练球室内外通用 7号', ' 365-1']",['89.00'],['羽域体育运动专营店'],https://item.jd.com/29949050337.html
"['篮板', '板户外标准室外铝合金边户外', '架板钢化玻璃标准 铝边篮板【1.0防爆】']",['829.00'],['精平旗舰店'],https://item.jd.com/10040617790213.html
"['斯伯丁旗舰店SPALDING红白蓝拼色炫彩花球室内室外PU', '76-928Y 七号球(标准)']",['183.00'],['斯伯丁旗舰店'],https://item.jd.com/35312551675.html
"['Spalding斯伯丁', ' 2022新款7号球学生礼物礼盒装标准比赛球训练球防滑', ' 76-911Y/反光', ' 7']",['289.00'],['INTERSPORT官方旗舰店'],https://item.jd.com/10034510901569.html
"['韦伯（webber）儿童', '橡胶', '耐磨幼儿园儿童训练 3号1-3岁幼儿', '红蓝白【送】']",['31.00'],['追远运动户外专营店'],https://item.jd.com/27134100696.html
"['狂迷小蓝联名', '生日礼物定制刻字学生青少年专用蓝球 友谊蓝-标准7号球']",['169.00'],['狂迷旗舰店'],https://item.jd.com/10044068559920.html
"['\t\n耐克(NIKE)', '比赛训练室内外通用防滑耐磨7号PU花瓣ALL COURT 蓝球N100437093307/DO8259-933 黑黄蓝']",['209.00'],['耐克体育装备京东自营专区'],https://item.jd.com/100029866880.html
"['斯伯丁', '耐磨室外成人7号水泥地比赛训练蓝球 76-897Y【蓝紫粉-7号球】']",['159.00'],['准者运动专营店'],https://item.jd.com/45531168363.html
"['李宁', '黑金5号儿童学生水泥地耐磨比赛训练7号成人幼儿园橡胶蓝球lanqiu 5号【黑金】LBQK605-2']",['68.00'],['华冠运动专营店'],https://item.jd.com/10043835440884.html
"['李宁', '翻毛软皮耐磨吸汗防滑7号标准成人男青少年室内外水泥地比赛训练通用 7号 棕色461-2']",['99.00'],['羽域体育运动专营店'],https://item.jd.com/26179517246.html
"['SANBAING', '室外7号耐磨吸湿PU皮成人青少年男女儿童室内外蓝球比赛街头软手感 SANBAING枫叶黑白 打气筒+气针+球包+网兜']",['49.00'],['东方红运动专营店'],https://item.jd.com/10023507961066.html
"['\t\n摩腾molten 4号儿童', ' B4G3360舒适手感PU室内外通用比赛训练']",['141.00'],['摩腾京东自营专区'],https://item.jd.com/100022511250.html
"['LINING李宁', '反伍系列耐磨经典时尚', '成人街头花球耐磨吸湿PU手感柔软 7号 218-2绿色']",['107.90'],['嘉卓耐尔运动专营店'],https://item.jd.com/68902847672.html
"['准者', 'PU材质防滑耐磨室内外通用比赛训练蓝球成人儿童小学生皮球水泥地街头男女凖者 Z318420117樱花粉【7号球】']",['83.00'],['准者官方旗舰店'],https://item.jd.com/12139172198.html
"['Spalding斯伯丁5号', 'PU皮水泥地室外室内耐磨儿童小学生青少年用球lanqiu 76-420Y(5号球小学生青少年用)']",['209.00'],['顺领运动专营店'],https://item.jd.com/10021812169053.html
"['斯伯丁旗舰店SPALDING室内外通用7号标准橡胶', '涂鸦系列 84-375Y（黑白）']",['87.00'],['斯伯丁旗舰店'],https://item.jd.com/10029242122708.html
"['红双喜', '7号5号儿童小学生3号幼儿园水泥地室外耐磨蓝球 FB500-8B【5号', '】']",['37.90'],['兆本运动户外专营店'],https://item.jd.com/10030756756945.html
"['李宁（LI-NING）', '女子男子5号6号7号', 'CBA室内外通用', '耐磨成人儿童', 'lanqiu 6号 LBQK027-1']",['84.00'],['华冠运动专营店'],https://item.jd.com/10129016634.html
"['准者室内室外防滑耐磨运动比赛训练专用标准7号翻毛皮', ' Z320320296棕色7号']",['99.00'],['准者运动专营店'],https://item.jd.com/10024578619274.html
"['斯伯丁', '室内室外耐磨橡胶水泥地彩色比赛2021', '83-635Y 斯伯丁83-635Y【全套赠品】']",['118.00'],['旭动天诚运动专营店'],https://item.jd.com/36535434304.html
"['狂迷ClawMoney联名光变变色', '刻字定制礼物7号成人室内室外比赛训练耐磨蓝球 光变蓝球【白变蓝】']",['158.00'],['狂迷旗舰店'],https://item.jd.com/10038700511289.html
"['李宁', '礼物礼盒套装7号男女生水泥地室内外通用夜光专用蓝球 LBQK389-8【韦德签名款礼盒装】']",['129.00'],['华冠运动专营店'],https://item.jd.com/10035409592992.html
"['ProSelect专选', '小马宝莉联名耐磨橡胶室内室外幼儿园儿童青少年训练用球 WB201C5-紫悦-5号球']",['39.00'],['PROSELECT旗舰店'],https://item.jd.com/10030729761070.html
"['乔丹', '官方软皮7号室内外通用儿童兼成人耐磨防滑蓝球比赛用球 巧克力色']",['129.00'],['乔丹步行者专卖店'],https://item.jd.com/29918353732.html
"['李宁', '吸湿PU室外室内耐磨防滑训练比赛用球叁加壹联赛指定蓝球 7号 嗨爆黑(吸湿PU)']",['107.00'],['倍安贝户外专营店'],https://item.jd.com/10026482428272.html
"['李宁', '7号成人大学生室内外耐磨吸湿水泥地反伍七号蓝球男 7号 黑色 反伍纪念款 七号', '(标准球)']",['119.00'],['李宁旺昂专卖店'],https://item.jd.com/10037460659488.html
"['韦德\\/wade', '牛皮真皮专业球 翻毛室外真牛皮手感成人标准 牛皮款-月球灰-颗粒-配件礼包 7号']",['158.00'],['尊博运动专营店'],https://item.jd.com/10042569176995.html
"['准者', 'PU材质防滑耐磨室内外通用7号成人青少年儿童比赛训练蓝球 黑白【7号球】']",['89.00'],['准者壹战专卖店'],https://item.jd.com/56650035012.html
"['nike耐克', ' 比赛训练球 2022年新款室外室内水泥地用球 青少年7号球 防滑耐磨花瓣球 DO8258-070/黑金款 7']",['209.00'],['天马运动专营店'],https://item.jd.com/10027101132498.html
"['斯伯丁 Spalding  经典比赛蓝球PU材质室内外兼用 学生成人', ' 77-176Y 比赛']",['155.00'],['斯伯丁卜禄专卖店'],https://item.jd.com/30115877739.html
"['李宁（LI-NING）', '儿童成人青少年室外7号标准蓝球 7号', ' 607-4']",['75.00'],['李宁乐士专卖店'],https://item.jd.com/65330645204.html
"['WITESS ', '翻毛软皮加厚真皮手感7号标准比赛', '室内室外通用蓝球 7号棕色加厚翻毛软皮']",['78.00'],['非石运动户外专营店'],https://item.jd.com/1733598709.html
"['\t\n威尔胜（Wilson）SPOTLIGHT COMP BSKT BLGO SZ7 CN 黑色7号PU材质成人室内外通用', 'WTB6900IB07CN']",['139.00'],['威尔胜京东自营旗舰店'],https://item.jd.com/100013309662.html
"['维动', '7号蓝球比赛5女生青少年专用耐磨手感训练室外加重 炫彩灰7号球(气筒+球针+球网)']",['89.80'],['维动旗舰店'],https://item.jd.com/10035838884893.html
"['李宁', 'CBA正式比赛用球成人青少年微纤维PU专业蓝球 7号 112-1(超纤PU)']",['599.00'],['倍安贝户外专营店'],https://item.jd.com/10025497082456.html
"['安踏', '室内外水泥地7号标准蓝球新款成人七号PU耐磨防滑训练用球7号球 -1棕色']",['149.00'],['安踏新凝动专卖店'],https://item.jd.com/71255627694.html
"['李宁LINING', '室外7号标准蓝球成人儿童小学生5号皮球水泥地街头男女生漫画色 687-3 漫画橙彩 (标准7号球)']",['79.00'],['美京侬官方旗舰店'],https://item.jd.com/10026537116658.html
"['李宁LINING 5号', '儿童成人7号室外青少年水泥地耐磨防滑比赛训练彩色橡胶', ' 605 黑金色 5号儿童球']",['79.00'],['美京侬官方旗舰店'],https://item.jd.com/10027744512954.html
"['狂迷星辰蓝鲸', '儿童学生青少年成人定制刻字生日创意蓝球礼物 星辰蓝鲸【赠大礼包】 7号球']",['145.00'],['狂迷旗舰店'],https://item.jd.com/10045797059519.html
"['【涂鸦款】nike耐克儿童', '新款5号男青少年五号蓝球小学生女训练球礼物 黑色涂鸦款【DO8261-906】 送赠品 五号', '(青少年用)']",['119.00'],['卓希运动专营店'],https://item.jd.com/10043865431400.html
"['亚洲狮蓝球儿童', '幼儿园专用4号', '室外五号', '学生3号橡胶', '7号', '四号', '5号拍拍球婴儿篮 高弹 4号410 蓝黄红 赠送:气筒+球针+网兜']",['27.00'],['亚洲狮官方旗舰店'],https://item.jd.com/55209637500.html
"['维动曹芳', '7号蓝球比赛男女生专用耐磨手感训练室外 7号球粉蓝鸳鸯']",['78.00'],['朗沃运动专营店'],https://item.jd.com/69736700684.html
"['斯伯丁PU', '刻字室内室外比赛耐磨7号水泥地lanqiu蓝球 斯伯丁74-600Y【全套赠品】']",['578.00'],['旭动天诚运动专营店'],https://item.jd.com/26299540290.html
"['李宁', '7七号球室外蓝球水泥地耐磨成人青少年学生训练 7号 PU', '浅蓝']",['116.00'],['李宁旺昂专卖店'],https://item.jd.com/10030365334994.html
"['\t\n威尔胜（Wilson）7号成人 室内外通用', 'NCAA Replica WTB8071IB07CN']",['217.00'],['威尔胜京东自营旗舰店'],https://item.jd.com/100016101910.html
"['斯伯丁', '限量版室内PU星空标准7号比赛', '礼物 星空蓝']",['209.00'],['顶护运动专营店'],https://item.jd.com/48665405504.html
"['李宁', '街头时尚花球PU材质吸湿耐磨成人儿童青少年蓝球室内室外训练比赛通用 6号 全明星款 237-1']",['99.00'],['动之美体育专营店'],https://item.jd.com/11107574946.html
"['\t\nTrain火车头 无缝', ' 耐磨PU革 七号标准', ' 室内室外通用 火车', 'TB7165']",['69.00'],['火车京东自营旗舰店'],https://item.jd.com/100010516124.html
"['萨达', '水泥地耐磨翻毛真牛皮手感7号成人球中小学生5号儿童蓝球 翻毛软皮吸湿耐磨【配礼包】-黑蓝-标准7号球']",['58.00'],['萨达八宝苏专卖店'],https://item.jd.com/10034375687951.html
"['斯伯丁', '室内室外耐磨橡胶水泥地彩色比赛2021', '83-635Y 斯伯丁83-635Y【全套赠品】']",['118.00'],['旭动天诚运动专营店'],https://item.jd.com/36535434304.html
"['狂迷ClawMoney联名光变变色', '刻字定制礼物7号成人室内室外比赛训练耐磨蓝球 光变蓝球【白变蓝】']",['158.00'],['狂迷旗舰店'],https://item.jd.com/10038700511289.html
"['李宁', '礼物礼盒套装7号男女生水泥地室内外通用夜光专用蓝球 LBQK389-8【韦德签名款礼盒装】']",['129.00'],['华冠运动专营店'],https://item.jd.com/10035409592992.html
"['ProSelect专选', '小马宝莉联名耐磨橡胶室内室外幼儿园儿童青少年训练用球 WB201C5-紫悦-5号球']",['39.00'],['PROSELECT旗舰店'],https://item.jd.com/10030729761070.html
"['乔丹', '官方软皮7号室内外通用儿童兼成人耐磨防滑蓝球比赛用球 巧克力色']",['129.00'],['乔丹步行者专卖店'],https://item.jd.com/29918353732.html
"['李宁', '吸湿PU室外室内耐磨防滑训练比赛用球叁加壹联赛指定蓝球 7号 嗨爆黑(吸湿PU)']",['107.00'],['倍安贝户外专营店'],https://item.jd.com/10026482428272.html
"['李宁', '7号成人大学生室内外耐磨吸湿水泥地反伍七号蓝球男 7号 黑色 反伍纪念款 七号', '(标准球)']",['119.00'],['李宁旺昂专卖店'],https://item.jd.com/10037460659488.html
"['韦德\\/wade', '牛皮真皮专业球 翻毛室外真牛皮手感成人标准 牛皮款-月球灰-颗粒-配件礼包 7号']",['158.00'],['尊博运动专营店'],https://item.jd.com/10042569176995.html
"['准者', 'PU材质防滑耐磨室内外通用7号成人青少年儿童比赛训练蓝球 黑白【7号球】']",['89.00'],['准者壹战专卖店'],https://item.jd.com/56650035012.html
"['nike耐克', ' 比赛训练球 2022年新款室外室内水泥地用球 青少年7号球 防滑耐磨花瓣球 DO8258-070/黑金款 7']",['209.00'],['天马运动专营店'],https://item.jd.com/10027101132498.html
"['斯伯丁 Spalding  经典比赛蓝球PU材质室内外兼用 学生成人', ' 77-176Y 比赛']",['155.00'],['斯伯丁卜禄专卖店'],https://item.jd.com/30115877739.html
"['李宁（LI-NING）', '儿童成人青少年室外7号标准蓝球 7号', ' 607-4']",['75.00'],['李宁乐士专卖店'],https://item.jd.com/65330645204.html
"['WITESS ', '翻毛软皮加厚真皮手感7号标准比赛', '室内室外通用蓝球 7号棕色加厚翻毛软皮']",['78.00'],['非石运动户外专营店'],https://item.jd.com/1733598709.html
"['\t\n威尔胜（Wilson）SPOTLIGHT COMP BSKT BLGO SZ7 CN 黑色7号PU材质成人室内外通用', 'WTB6900IB07CN']",['139.00'],['威尔胜京东自营旗舰店'],https://item.jd.com/100013309662.html
"['维动', '7号蓝球比赛5女生青少年专用耐磨手感训练室外加重 炫彩灰7号球(气筒+球针+球网)']",['89.80'],['维动旗舰店'],https://item.jd.com/10035838884893.html
"['李宁', 'CBA正式比赛用球成人青少年微纤维PU专业蓝球 7号 112-1(超纤PU)']",['599.00'],['倍安贝户外专营店'],https://item.jd.com/10025497082456.html
"['安踏', '室内外水泥地7号标准蓝球新款成人七号PU耐磨防滑训练用球7号球 -1棕色']",['149.00'],['安踏新凝动专卖店'],https://item.jd.com/71255627694.html
"['李宁LINING', '室外7号标准蓝球成人儿童小学生5号皮球水泥地街头男女生漫画色 687-3 漫画橙彩 (标准7号球)']",['79.00'],['美京侬官方旗舰店'],https://item.jd.com/10026537116658.html
"['李宁LINING 5号', '儿童成人7号室外青少年水泥地耐磨防滑比赛训练彩色橡胶', ' 605 黑金色 5号儿童球']",['79.00'],['美京侬官方旗舰店'],https://item.jd.com/10027744512954.html
"['狂迷星辰蓝鲸', '儿童学生青少年成人定制刻字生日创意蓝球礼物 星辰蓝鲸【赠大礼包】 7号球']",['145.00'],['狂迷旗舰店'],https://item.jd.com/10045797059519.html
"['【涂鸦款】nike耐克儿童', '新款5号男青少年五号蓝球小学生女训练球礼物 黑色涂鸦款【DO8261-906】 送赠品 五号', '(青少年用)']",['119.00'],['卓希运动专营店'],https://item.jd.com/10043865431400.html
"['亚洲狮蓝球儿童', '幼儿园专用4号', '室外五号', '学生3号橡胶', '7号', '四号', '5号拍拍球婴儿篮 高弹 4号410 蓝黄红 赠送:气筒+球针+网兜']",['27.00'],['亚洲狮官方旗舰店'],https://item.jd.com/55209637500.html
"['维动曹芳', '7号蓝球比赛男女生专用耐磨手感训练室外 7号球粉蓝鸳鸯']",['78.00'],['朗沃运动专营店'],https://item.jd.com/69736700684.html
"['斯伯丁PU', '刻字室内室外比赛耐磨7号水泥地lanqiu蓝球 斯伯丁74-600Y【全套赠品】']",['578.00'],['旭动天诚运动专营店'],https://item.jd.com/26299540290.html
"['李宁', '7七号球室外蓝球水泥地耐磨成人青少年学生训练 7号 PU', '浅蓝']",['116.00'],['李宁旺昂专卖店'],https://item.jd.com/10030365334994.html
"['\t\n威尔胜（Wilson）7号成人 室内外通用', 'NCAA Replica WTB8071IB07CN']",['217.00'],['威尔胜京东自营旗舰店'],https://item.jd.com/100016101910.html
"['斯伯丁', '限量版室内PU星空标准7号比赛', '礼物 星空蓝']",['209.00'],['顶护运动专营店'],https://item.jd.com/48665405504.html
"['李宁', '街头时尚花球PU材质吸湿耐磨成人儿童青少年蓝球室内室外训练比赛通用 6号 全明星款 237-1']",['99.00'],['动之美体育专营店'],https://item.jd.com/11107574946.html
"['\t\nTrain火车头 无缝', ' 耐磨PU革 七号标准', ' 室内室外通用 火车', 'TB7165']",['69.00'],['火车京东自营旗舰店'],https://item.jd.com/100010516124.html
"['萨达', '水泥地耐磨翻毛真牛皮手感7号成人球中小学生5号儿童蓝球 翻毛软皮吸湿耐磨【配礼包】-黑蓝-标准7号球']",['58.00'],['萨达八宝苏专卖店'],https://item.jd.com/10034375687951.html
